codigo,n_obs,combined,qs_p,fried_p,kw_p,wo,seasdum_p,ocsb_stat,Q,M7,qs_sa_x11,qs_sa_seats,l3_x11,l3_seats,metodo,razao,status
20636,184,Present,0,0,0,TRUE,0,-1.3567949935428458,0.4220093317615413,0.43336250584122865,0.175687810125922,1,0.934618985317733,0.984730596717421,x11,"empate nos diagnósticos, X-11 por robustez",ajustada
20637,184,Present,2.3332242105045253e-7,1.511018454802837e-8,8.555783918007265e-7,TRUE,3.9015516973939235e-5,-7.289632356250544,0.9409681259966441,0.5876428898197816,0.574020193449081,0.207839283631946,0.951107775663011,0.953893124770487,x11,"empate nos diagnósticos, X-11 por robustez",ajustada
20638,184,Present,0,3.7335146085837323e-10,2.9311775229245995e-11,TRUE,7.123168721534512e-11,-5.716921240963039,1.1326973306538224,0.83706968933400006,1,0.681782764316582,0.917727785436931,0.855623621465866,seats,"Q = 1.13 > 1, decomposição X-11 fraca",ajustada
20639,184,Present,9.647218023313142e-4,8.706151355397651e-10,2.408678811960385e-10,TRUE,2.0175944689393432e-6,-6.356016888975259,1.3795601352229505,0.6435158847850311,1,1,0.508758681561697,0.812874532589909,seats,"Q = 1.38 > 1, decomposição X-11 fraca",ajustada
20640,184,Present,2.8517442740572108e-8,1.2953971229023864e-11,1.2740919430598296e-11,TRUE,1.0880185641326534e-14,-6.604672432473452,0.6761780472832841,0.4735634872079191,1,1,0.852471734778588,0.822372677430545,x11,"empate nos diagnósticos, X-11 por robustez",ajustada
20641,184,Present,0,1.2222164941344538e-5,5.284660598015023e-9,TRUE,6.10178574333986e-13,-7.43306207199202,0.7540627874869213,0.7292404168413674,1,1,0.958685509557538,0.986314565423469,x11,"empate nos diagnósticos, X-11 por robustez",ajustada
20642,184,Present,5.750955267558311e-14,1.1501910535116622e-13,5.440092820663267e-15,TRUE,0,-4.9678714244668924,0.749856973834172,0.36835913781328083,1,1,0.97219757157682,0.954297573531768,x11,"empate nos diagnósticos, X-11 por robustez",ajustada
20643,184,Present,4.1744385725905886e-14,1.0082690238277792e-10,2.429723089392155e-12,TRUE,1.3034018309099338e-13,-5.983572553177288,0.8028568470364911,0.5785667550806901,1,0.952735759201978,0.614829218313813,0.8991711023448,x11,"empate nos diagnósticos, X-11 por robustez",ajustada
20644,184,Present,2.3758329747991525e-9,9.650502619251711e-11,2.7797431023657282e-11,TRUE,8.875788992668276e-11,-5.975478399847341,0.5754127874036046,0.5237225940163277,1,1,0.692844987589944,0.480734621188268,x11,"empate nos diagnósticos, X-11 por robustez",ajustada
20645,184,Present,0,2.0347945550724944e-11,3.2523206350276723e-11,TRUE,7.882583474838611e-15,-4.732407745255781,0.5104885238999748,0.35569597766743954,0.980680845910376,1,0.346104181215201,0.0739885913759327,x11,"empate nos diagnósticos, X-11 por robustez",ajustada
20646,184,None,5.097109991858417e-7,1.778172564748104e-8,3.9216931368990515e-8,TRUE,8.111934501897622e-8,-6.947658983893202,1.0062888870005533,1.143243065743191,1,1,0.797831178666444,0.465638693152073,nenhum,teste combinado: None,sem_sazonalidade
20648,184,Present,2.801376796391919e-4,1.5889347060316084e-8,2.8022160036833554e-8,TRUE,2.0515735965620507e-7,-7.434413816027591,1.4318973494064107,0.8460747081286165,1,1,0.196473581533658,0.670688965908234,seats,"Q = 1.43 > 1, decomposição X-11 fraca",ajustada
20649,184,ProbablyNone,0.2687012931550419,0.0016307755423639048,0.004617054856205338,FALSE,0.0038579190600297464,-7.459037663643131,1.8409235130571842,1.2315708904044498,1,0.0826238407052848,0.81557368763539,0.976807582468462,nenhum,teste combinado: ProbablyNone,sem_sazonalidade
20650,184,ProbablyNone,0.13811533828632394,3.9792373777081114e-4,9.263530894662031e-4,TRUE,9.050738903026989e-4,-7.25166105630466,1.7084603680828898,1.1841368454568189,1,0.0552825077491531,0.772888295450131,0.975752455607368,nenhum,teste combinado: ProbablyNone,sem_sazonalidade
20651,184,Present,0,4.739353354210607e-11,4.263256414560601e-14,TRUE,0,-4.615997924946868,1.3554876851223445,0.6335557604767871,1,1,0.682206730981991,0.522239675648429,seats,"Q = 1.36 > 1, decomposição X-11 fraca",ajustada
20652,184,Present,0,4.1522341120980855e-14,2.220446049250313e-15,TRUE,0,-4.991022107918414,0.6540146262264455,0.48261766337651413,1,0.999914565458455,0.970679873272633,0.997905482064642,x11,"empate nos diagnósticos, X-11 por robustez",ajustada
20655,184,Present,0.1503123961402475,3.6604319392230522e-06,2.6807592404809455e-6,TRUE,7.552527670784404e-5,-6.003581324932398,0.9041505775293784,0.8660641793681894,1,0.014081565965065,0.98407088575712,0.0986028272358477,x11,SEATS deixa sazonalidade residual (QS),ajustada
20656,184,Present,2.539080057317733e-13,7.414846514564033e-12,2.4791835251392058e-11,TRUE,1.4954237848030516e-10,-3.2986887877069004,0.6403615962452577,0.5809573270949131,1,1,0.984238823956651,0.905957153872223,x11,"empate nos diagnósticos, X-11 por robustez",ajustada
20657,184,Present,4.220458427184326e-9,7.372822238727039e-6,9.415351117647575e-7,TRUE,1.4455103780619538e-13,-7.212345472104806,1.2359309161341254,0.4972703201967731,1,1,0.541238255816153,0.615315355408598,seats,"Q = 1.24 > 1, decomposição X-11 fraca",ajustada
20658,184,None,1,0.024037714433337243,0.010216461924379305,FALSE,0.05424782162398489,-10.185128739227082,1.2503826756442569,1.271090234868697,1,0.994025238070359,0.229711083153149,0.0226057717736282,nenhum,teste combinado: None,sem_sazonalidade
20659,184,ProbablyNone,4.35061360049005e-7,1.5714150702894614e-7,1.1171612335214576e-7,TRUE,9.198798894671789e-5,-7.02298138461099,1.616260934723347,1.0154044717468613,1,1,0.453457792657478,0.0482174650481612,nenhum,teste combinado: ProbablyNone,sem_sazonalidade
20660,184,ProbablyNone,1.6106924165093517e-5,9.024786348121872e-6,2.04334864192246e-5,TRUE,0.00870983729563668,-7.341412419638567,1.6194803114114513,0.9743781631094234,1,1,0.86974356201026,0.991377461309618,nenhum,teste combinado: ProbablyNone,sem_sazonalidade
20661,184,Present,6.847855615887966e-13,3.8531106860695274e-8,8.703767706563781e-10,TRUE,3.3668623444782497e-10,-3.934517552365613,1.0266060349160993,0.7419780895709942,1,1,0.979212649632289,0.989662611840351,seats,"Q = 1.03 > 1, decomposição X-11 fraca",ajustada
20635,184,Present,0,0,0,TRUE,0,-2.0109538840975474,0.5323862729936809,0.3178649256538051,0.974701568951926,1,0.565334837209429,0.991893455225537,x11,"empate nos diagnósticos, X-11 por robustez",ajustada
20665,184,Present,2.2539907095664447e-5,1.194795135384119e-6,1.0004262507301576e-6,TRUE,1.1883904564857772e-6,-6.582900394148888,0.5795254137590645,0.5663287134555907,1,0.505992991138045,0.999134723853868,0.831974512227799,x11,"empate nos diagnósticos, X-11 por robustez",ajustada
20666,184,Present,8.284025178728616e-5,4.319155244569828e-6,1.9192274399726372e-6,TRUE,2.0136802459203018e-4,-5.959846472519196,0.7657755329261653,0.7747890619657225,1,1,0.985260315685579,0.65021783399069,x11,"empate nos diagnósticos, X-11 por robustez",ajustada
20669,184,Present,0.051167446459374544,2.070790850948745e-4,4.13381647071942e-5,TRUE,9.220986983971002e-6,-9.552825082818186,0.7331591274238501,0.8182733572385745,1,0.0240568126330338,0.958482950582894,1.13535696805299e-6,x11,SEATS deixa sazonalidade residual (QS),ajustada
20668,184,Present,0.514552548483795,9.478584583888505e-11,8.600897771771088e-12,TRUE,0.12339637042743379,-8.378786321063117,0.9388548422062848,0.5017655216230026,1,4.80065986963041e-11,0.941863653591509,0.446088369435637,x11,SEATS deixa sazonalidade residual (QS),ajustada
20670,184,ProbablyNone,1.9909023488917654e-5,0.0067988865847814495,0.008584391451975315,TRUE,0.16042497684648027,-7.54557278554497,1.3281275812941076,0.8549632779145683,1,1,0.886865097473994,0.979623028460431,nenhum,teste combinado: ProbablyNone,sem_sazonalidade
20671,184,Present,0.0012219398455910468,8.242734201425739e-4,8.239122157649437e-5,TRUE,8.358694470982364e-4,-8.103093190341736,0.8967764758144304,0.8214918376518172,1,1,0.972909153041749,0.771683965093695,x11,"empate nos diagnósticos, X-11 por robustez",ajustada
20672,184,ProbablyNone,6.563575301254954e-5,0.002078587037872448,1.9180377886418576e-4,TRUE,6.973374643743924e-4,-6.782155830829747,1.031670281632318,1.0907887754713568,1,1,0.626958715990732,0.377389106445159,nenhum,teste combinado: ProbablyNone,sem_sazonalidade
20673,184,Present,1.2603782518438855e-5,9.431472269838537e-10,1.5523260454841648e-10,TRUE,3.5551561694546763e-12,-6.471040403428312,0.7070310119921156,0.6449711364118416,0.484030024952259,1,0.640866519336789,0.795562782380355,x11,"empate nos diagnósticos, X-11 por robustez",ajustada
20674,184,Present,1.6288420612298182e-9,2.849469438181984e-9,1.5908274697551406e-10,TRUE,1.850741782050136e-13,-7.0781947434997194,0.4327234758665721,0.2934489432927387,1,1,0.566778168253709,0.607971583115223,x11,"empate nos diagnósticos, X-11 por robustez",ajustada
20679,184,Present,1.0760362934014722e-8,1.2964835982565148e-8,8.8219180849336e-9,TRUE,5.559868565541137e-9,-7.2105525678825995,0.695239874340578,0.7963000556222697,1,1,0.841171703317714,0.978095412008287,x11,"empate nos diagnósticos, X-11 por robustez",ajustada
20680,184,Present,3.523948909625041e-4,0.0011554511189914018,7.666379258730593e-5,TRUE,9.141226210829245e-5,-5.4430568269953055,0.5665463459931827,0.6596586897192811,1,1,0.99249984610835,0.927579173952601,x11,"empate nos diagnósticos, X-11 por robustez",ajustada
20681,184,Present,0,5.551115123125783e-16,0,TRUE,0,-3.942131583348349,0.27849892319456293,0.24251750885115264,1,1,0.963778798370641,0.99946332178147,x11,"empate nos diagnósticos, X-11 por robustez",ajustada
20682,184,Present,0,1.3322676295501878e-15,1.1102230246251565e-16,TRUE,0,-4.2125452232621035,0.25147436382561156,0.2732153605184076,1,1,0.891671134768216,0.988020197392496,x11,"empate nos diagnósticos, X-11 por robustez",ajustada
20676,184,None,0.5872614282817354,0.12245728663943034,0.007595011280770669,FALSE,0.18205746575614967,-20.452742186839085,1.1211388962703426,1.6596474166722317,0.00580846705169025,0.429618281558798,0.525456503008992,0.369665593799716,nenhum,teste combinado: None,sem_sazonalidade
20677,184,None,1,0.17487982551612835,0.1407823157367345,FALSE,0.10924721284246042,-7.5155361201812685,2.2472561188348528,3,1,0.952457825307413,0.821659388987153,0.843343554671393,nenhum,teste combinado: None,sem_sazonalidade
20678,184,None,0.5110807954196147,0.001377164599925762,2.3763891305284002e-4,TRUE,0.07430697530252073,-13.131383020442223,1.38933827071014,1.3093176279020597,1,0.800823414175828,0.747451395827741,0.555145360140657,nenhum,teste combinado: None,sem_sazonalidade
20683,184,Present,1.9566763298506373e-7,2.5378447432444773e-7,7.971633964043434e-8,TRUE,6.724305414707032e-7,-9.049609371137318,1.0079406010875254,0.6497323985083486,1,0.906876597615959,0.996898190882722,0.873057825736061,seats,"Q = 1.01 > 1, decomposição X-11 fraca",ajustada
20667,184,Present,0.033113120233764226,5.5977291206321667e-5,2.1694113069070653e-5,TRUE,1.8974080061573417e-5,-9.600481905797052,0.7596430601734542,0.7936849462361572,1,1,0.21480752889288,0.736706820200578,x11,"empate nos diagnósticos, X-11 por robustez",ajustada
20684,184,Present,1.0254375126805826e-10,5.582017070793199e-9,3.7100922334332154e-10,TRUE,0,-5.625615907134399,0.708883669506519,0.45807857319529366,1,1,0.420479828718903,0.79208894202344,x11,"empate nos diagnósticos, X-11 por robustez",ajustada
20663,184,Present,5.804985021575781e-4,6.037282683541978e-4,5.936894646829671e-5,TRUE,4.98087972580219e-5,-6.755582242096298,0.7277845876365625,0.6914283579721662,0.99661460080625,1,0.696968357286048,0.838076016046678,x11,"empate nos diagnósticos, X-11 por robustez",ajustada
20664,184,Present,7.771561172376096e-16,9.103828801926284e-15,1.2212453270876722e-15,TRUE,0,-4.444032604367474,0.35042229158677707,0.24051092688187012,1,1,0.933682317066294,0.989963559559977,x11,"empate nos diagnósticos, X-11 por robustez",ajustada
20662,184,Present,1.6935353119862384e-10,1.1461942506230116e-11,3.775202372935382e-12,TRUE,4.107825191113079e-15,-4.984817562136829,0.37545029686027326,0.2724727534209836,1,1,0.524515878584137,0.903170319480569,x11,"empate nos diagnósticos, X-11 por robustez",ajustada
20687,184,ProbablyNone,5.483775458136053e-4,1.5741374870259506e-10,2.1856960685795457e-12,TRUE,4.336037672534321e-4,-7.643959121376814,1.0295146265346116,0.9772623206229825,1,1,0.931248018225417,0.433163725645327,nenhum,teste combinado: ProbablyNone,sem_sazonalidade
20688,184,Present,0,2.133759835487581e-11,4.871658632055187e-13,TRUE,0,-6.233038985571201,0.6417055079797132,0.5423554151365388,0.993813752124375,1,0.892951056485769,0.986648195530926,x11,"empate nos diagnósticos, X-11 por robustez",ajustada
20689,184,Present,3.863576125695545e-14,1.6653345369377348e-14,2.55351295663786e-15,TRUE,4.733990977001667e-13,-5.877300750964481,0.8076877374936029,0.5167947304032655,1,1,0.96197219034019,0.926990207903104,x11,"empate nos diagnósticos, X-11 por robustez",ajustada
20690,184,None,0.00884153375099972,3.9334292791570746e-5,2.4202614001489486e-5,TRUE,0.005453455575567312,-9.105008087824316,1.2703834618357615,1.3322584295681157,1,0.177796017041587,0.952782134361646,0.00152116080639276,nenhum,teste combinado: None,sem_sazonalidade
20691,184,Present,1.6046954839366023e-6,8.22432751901303e-8,1.4277312665456066e-9,TRUE,7.505978061317364e-10,-7.703949019719796,0.9040888831822596,0.7989570264940301,1,1,0.368776031806435,0.0752947531580247,x11,"empate nos diagnósticos, X-11 por robustez",ajustada
20692,184,Present,5.2910043736309476e-6,2.8791007466999474e-8,8.971967613291554e-10,TRUE,6.950798236982081e-8,-7.963187912355591,0.8967812007839921,0.6455440265529344,1,1,0.562663646211411,0.0474537730654151,x11,SEATS falha nos últimos 3 anos,ajustada
20693,184,ProbablyNone,0.05288586149068564,8.872808331671367e-4,4.8773300628690563e-5,TRUE,6.899350020752593e-4,-9.70699533007631,1.3303574717053255,1.219546478324903,1,0.853051002546964,0.481636766633256,0.542048501934797,nenhum,teste combinado: ProbablyNone,sem_sazonalidade
20694,184,Present,0,1.7152254283558932e-8,1.9372811133067103e-9,TRUE,0,-5.2754991851527935,0.7780509928320611,0.44994389770199195,1,1,0.878215674224995,0.886932706469705,x11,"empate nos diagnósticos, X-11 por robustez",ajustada
20695,184,ProbablyNone,0.07339736794076746,0.001932881154974364,0.003927849640137704,FALSE,0.0027628336903647854,-7.659713810481477,1.780726024660007,1.2235512804062916,1,0.150159541431484,0.792408523123971,0.291293363827631,nenhum,teste combinado: ProbablyNone,sem_sazonalidade
20696,184,Present,0,1.3544863008974062e-8,5.916025447305628e-10,TRUE,0,-5.232037421724008,1.161038685409018,0.4291278876073925,1,1,0.913812150631283,0.92550855012887,seats,"Q = 1.16 > 1, decomposição X-11 fraca",ajustada
20697,184,Present,1.079039412557048e-4,1.0354427393943766e-4,1.4473778555357253e-4,TRUE,0.010333379232598361,-8.349749017163742,1.0628144762537497,0.8732410452755047,1,1,0.980606182875389,0.875723371849344,seats,"Q = 1.06 > 1, decomposição X-11 fraca",ajustada
20686,184,Present,0,2.0852497506496093e-10,7.96329668872886e-12,TRUE,0,-4.7802519657487945,0.5847696523496945,0.44193224168916134,1,1,0.774775964058247,0.999127404844509,x11,"empate nos diagnósticos, X-11 por robustez",ajustada
20699,184,Present,3.1361874178181814e-5,1.1073756356339004e-8,1.1971179192382664e-7,TRUE,0.0021065650889600107,-8.325490187634031,0.6667934158812993,0.6804816939125481,1,1,0.415176829955686,0.704145911447133,x11,"empate nos diagnósticos, X-11 por robustez",ajustada
20700,184,Present,0,0,0,TRUE,0,-3.4660028098175673,0.447807726545945,0.4031708944020913,0.959906613085762,1,0.563842440080331,0.736903882789028,x11,"empate nos diagnósticos, X-11 por robustez",ajustada
20701,184,Present,0,0,0,TRUE,0,-3.918822483120054,0.4448140291626923,0.24659183359079218,0.430406561012688,1,0.0450162045694239,0.993793021116431,seats,X-11 falha nos últimos 3 anos,ajustada
20702,184,Present,5.480086353714109e-4,1.0520331074848066e-5,1.3959074796288107e-5,TRUE,1.2048046824642e-6,-6.812731263022584,0.5986934921399343,0.6330093628904906,1,1,0.991508819664535,0.917573246935455,x11,"empate nos diagnósticos, X-11 por robustez",ajustada
20703,184,Present,9.937819921423952e-7,2.4366935058584005e-7,3.2933392568601505e-8,TRUE,1.699018703504862e-11,-6.6058426126262395,0.5464167004966661,0.49941891744530387,0.917969388763,1,0.76372939561978,0.868054548888841,x11,"empate nos diagnósticos, X-11 por robustez",ajustada
20704,184,Present,3.327377312567492e-7,9.966264047367446e-8,2.5957691773825786e-8,TRUE,6.2025939939758246e-12,-6.331922212876165,0.5491794522773946,0.4762260125882768,0.871102214717166,1,0.52764217204538,0.992265907899219,x11,"empate nos diagnósticos, X-11 por robustez",ajustada
20708,184,None,0,8.591144154945773e-5,2.7538634922108507e-5,TRUE,3.9216404801312166e-7,-4.451323765486811,0.9766878809196806,1.0965609568921109,1,1,0.99297288589486,0.99996807084504,nenhum,teste combinado: None,sem_sazonalidade
20712,184,Present,1.3322676295501878e-15,1.4195311592857252e-12,2.453592884421596e-14,TRUE,0,-6.913717603103418,0.5492847296878581,0.45307867589499984,1,1,0.985307345279646,0.803913775898471,x11,"empate nos diagnósticos, X-11 por robustez",ajustada
20713,184,ProbablyNone,0.008223310261530226,0.1125094062045553,0.03078144321481535,FALSE,0.01840664648055479,-8.659362486665426,0.8074498457215501,0.8163727397691785,1,1,0.612734263034982,0.940679041705758,nenhum,teste combinado: ProbablyNone,sem_sazonalidade
20698,184,Present,0,1.1102230246251565e-16,0,TRUE,0,-3.641525394416093,0.4111884205225641,0.28574922706397704,0.736487341526301,1,0.813300613614504,0.937049276262006,x11,"empate nos diagnósticos, X-11 por robustez",ajustada
20634,184,Present,0,1.1102230246251565e-16,0,TRUE,0,-2.9234470633428953,0.3087621422387519,0.2888543691171388,1,1,0.361269323267908,0.522944139683526,x11,"empate nos diagnósticos, X-11 por robustez",ajustada
20685,184,Present,0,9.547918011776346e-15,1.1102230246251565e-15,TRUE,0,-3.4305367288330326,0.529606010197363,0.3311145670319335,0.910000182443558,1,0.726320305059134,0.973429701232561,x11,"empate nos diagnósticos, X-11 por robustez",ajustada
20631,184,Present,0,1.1102230246251565e-16,0,TRUE,0,-2.51996002596913,0.33050649477911526,0.2663526730810046,1,0.982419650424703,0.463000654041796,0.571522343636216,x11,"empate nos diagnósticos, X-11 por robustez",ajustada
20632,184,Present,0,0,0,TRUE,0,-1.7663197026649977,0.569187584013908,0.2881825581008764,0.652295014468647,0.58988006277289,0.517426480958096,0.891105593115766,x11,"empate nos diagnósticos, X-11 por robustez",ajustada
20633,184,Present,5.81756864903582e-14,7.019940184704865e-13,2.7133850721838826e-13,TRUE,0,-4.380717366995268,0.3392477841705063,0.305726684319017,1,1,0.62643280760929,0.683245553860392,x11,"empate nos diagnósticos, X-11 por robustez",ajustada
