"amostra","modelo","painel","trilha","variante","timing","n","crps","crps_rel_sarima","logs","cobertura_68","cobertura_90","dm_sarima","p_sarima"
"cheia","dfm_4a","core","sa","principal","m1",30,0.820161982763331,0.697308189105077,4.68450154442684,0.7,0.9,-2.09411056324856,0.0451023676468721
"cheia","dfm_4a","core","sa","principal","m2",30,0.556785262770778,0.475469864884253,2.54769260345805,0.7,0.833333333333333,-2.07212928692088,0.0472496056612094
"cheia","dfm_4a","core","sa","principal","m3",30,0.477026123209306,0.304533432982014,3.69867005815481,0.666666666666667,0.866666666666667,-2.22117012487367,0.0343068909255902
"cheia","dfm_4a","core","sa","principal","vespera",30,0.390508981249785,0.249300897548803,3.80319839052254,0.7,0.833333333333333,-2.47028202202448,0.0196242152656609
"cheia","dfm_4a","estendido","sa","principal","m1",30,0.857828771869518,0.729332790407058,Inf,0.766666666666667,0.933333333333333,-1.40372370743369,0.171019556779916
"cheia","dfm_4a","estendido","sa","principal","m2",30,0.479799970305486,0.40972784717281,1.35321657941129,0.733333333333333,0.833333333333333,-2.0912059977331,0.0453810477530586
"cheia","dfm_4a","estendido","sa","principal","m3",30,0.458719084357889,0.292846221070747,2.68900578145204,0.566666666666667,0.866666666666667,-2.22099576581092,0.0343199597738085
"cheia","dfm_4a","estendido","sa","principal","vespera",30,0.331654225071662,0.211728026642572,0.953012061306373,0.7,0.866666666666667,-2.47856070953929,0.0192541285908093
"cheia","dfm_4b","core","sa","principal","m1",30,0.900815998328194,0.765880869526203,4.35295563948635,0.766666666666667,0.866666666666667,-1.64377737061157,0.111021728496813
"cheia","dfm_4b","core","sa","principal","m2",30,0.54422959279594,0.464747880834676,1.3986755053393,0.7,0.933333333333333,-1.86223261874188,0.0727310298641465
"cheia","dfm_4b","core","sa","principal","m3",30,0.590158231850356,0.376756960685624,6.50809557608835,0.666666666666667,0.833333333333333,-2.10080824857747,0.0444655333389764
"cheia","dfm_4b","core","sa","principal","vespera",30,0.356363323205276,0.227502312608075,1.05465884711668,0.666666666666667,0.866666666666667,-2.56387054659591,0.0157975008275018
"cheia","dfm_4b","estendido","sa","principal","m1",30,0.928239612139531,0.789196642370332,20.5664473645947,0.733333333333333,0.9,-1.3901451052478,0.17506359566913
"cheia","dfm_4b","estendido","sa","principal","m2",30,0.597748270187635,0.510450452381885,2.2109659686354,0.733333333333333,0.833333333333333,-2.03767940501246,0.0507969517202817
"cheia","dfm_4b","estendido","sa","principal","m3",30,0.699546106463305,0.446590169731643,15.6094967808242,0.633333333333333,0.666666666666667,-2.34801425744704,0.0259055582307353
"cheia","dfm_4b","estendido","sa","principal","vespera",30,0.614458336803186,0.392270145442303,23.9427544948355,0.633333333333333,0.8,-2.84883596466408,0.0079889362042281
"cheia","mfbvar","core","sa","principal","m1",30,0.920178102715649,0.78234268345007,1.96659592152523,0.7,0.833333333333333,-1.33005423643288,0.193866866124107
"cheia","mfbvar","core","sa","principal","m2",30,0.690038221789727,0.589261968692593,2.07319190173289,0.6,0.866666666666667,-1.85701514346315,0.0734926907861427
"cheia","mfbvar","core","sa","principal","m3",30,0.588476491894062,0.37568333805291,3.70347808947641,0.6,0.833333333333333,-2.03490236024432,0.0510928815716261
"cheia","mfbvar","core","sa","principal","vespera",30,0.507512653139025,0.323996030872345,1.2454035548738,0.7,0.866666666666667,-2.29317274904632,0.0292776706435901
"cheia","pool_crps","core","sa","principal","m1",30,0.855053617991467,0.726973332683022,2.00345949026098,0.733333333333333,0.9,-1.83003892814075,0.0775411015497897
"cheia","pool_crps","core","sa","principal","m2",30,0.551973725389926,0.471361025837446,1.39323469867609,0.666666666666667,0.9,-1.97860243843483,0.0574283395366636
"cheia","pool_crps","core","sa","principal","m3",30,0.480757734509446,0.306915693291241,1.6157203286021,0.733333333333333,0.9,-2.18787552635367,0.0368850837853014
"cheia","pool_crps","core","sa","principal","vespera",30,0.35648297051292,0.22757869543822,0.896236985280509,0.7,0.9,-2.52194933028631,0.0174173545492805
"cheia","pool_crps","estendido","sa","principal","m1",30,0.86613568552145,0.736395393938332,8.09623711212147,0.766666666666667,0.933333333333333,-1.50743785249425,0.142515877224289
"cheia","pool_crps","estendido","sa","principal","m2",30,0.505713605414005,0.431856939674994,1.39602947696725,0.766666666666667,0.833333333333333,-2.09479940799217,0.045036499162378
"cheia","pool_crps","estendido","sa","principal","m3",30,0.506562331147855,0.323389345400986,2.04746799432624,0.6,0.8,-2.22335203502079,0.0341437266681176
"cheia","pool_crps","estendido","sa","principal","vespera",30,0.380971771619349,0.243212343801922,0.989262804808036,0.7,0.866666666666667,-2.50269283877308,0.0182116479791541
"cheia","pool_igual","core","sa","principal","m1",30,0.860985844556224,0.732016958515683,1.92055285766924,0.733333333333333,0.9,-1.81043531529696,0.0806016934914455
"cheia","pool_igual","core","sa","principal","m2",30,0.547872463995687,0.467858730910907,1.36491494435107,0.666666666666667,0.933333333333333,-1.9863290272044,0.0565200009588145
"cheia","pool_igual","core","sa","principal","m3",30,0.478457693352488,0.305447347229151,1.7592497905031,0.733333333333333,0.9,-2.19633905949237,0.0362137413608954
"cheia","pool_igual","core","sa","principal","vespera",30,0.35550138255327,0.226952049775473,0.881261561335726,0.7,0.9,-2.51264077782304,0.0177972392081365
"cheia","pool_igual","estendido","sa","principal","m1",30,0.86717974769373,0.737283063835213,9.60475977063788,0.766666666666667,0.933333333333333,-1.51854044690492,0.139705978954225
"cheia","pool_igual","estendido","sa","principal","m2",30,0.511749496072976,0.437011321997894,1.39428150701422,0.766666666666667,0.866666666666667,-2.09000839779991,0.0454963959881837
"cheia","pool_igual","estendido","sa","principal","m3",30,0.52158466232993,0.332979600239636,2.31604221993873,0.633333333333333,0.8,-2.22796954159277,0.0338007261789506
"cheia","pool_igual","estendido","sa","principal","vespera",30,0.405459758207759,0.258845472177397,1.0079733766974,0.7,0.866666666666667,-2.53821858988506,0.016771311674778
"cheia","sarima","core","sa","principal","m1",30,1.1761829210925,1,5.08725016928138,0.866666666666667,0.866666666666667,NA,NA
"cheia","sarima","core","sa","principal","m2",30,1.17102113907118,1,5.1472489981156,0.833333333333333,0.866666666666667,NA,NA
"cheia","sarima","core","sa","principal","m3",30,1.56641626680602,1,5.16442404551634,0.766666666666667,0.833333333333333,NA,NA
"cheia","sarima","core","sa","principal","vespera",30,1.56641626680602,1,5.16442404551634,0.766666666666667,0.833333333333333,NA,NA
"sem_covid","dfm_4a","core","sa","principal","m1",28,0.557785188748306,0.810573365664103,1.52777699301359,0.75,0.964285714285714,-1.96749951028792,0.0594771298542166
"sem_covid","dfm_4a","core","sa","principal","m2",28,0.482717714771074,0.689076338000319,1.28356765311599,0.714285714285714,0.857142857142857,-2.6152894257239,0.0144128564528006
"sem_covid","dfm_4a","core","sa","principal","m3",28,0.426633136778147,0.462379260458615,1.93200311844119,0.678571428571429,0.892857142857143,-2.31988093680021,0.028149277190545
"sem_covid","dfm_4a","core","sa","principal","vespera",28,0.331546178287272,0.359325292643798,1.51246536562642,0.714285714285714,0.857142857142857,-3.06465596584576,0.00490057766063021
"sem_covid","dfm_4a","estendido","sa","principal","m1",28,0.553714570917161,0.804657944347292,1.45194390111974,0.821428571428571,0.964285714285714,-2.6459840505278,0.0134180919956049
"sem_covid","dfm_4a","estendido","sa","principal","m2",28,0.480086968129182,0.685320964607692,1.35418056496927,0.75,0.857142857142857,-4.33268473978248,0.000182637068878273
"sem_covid","dfm_4a","estendido","sa","principal","m3",28,0.465803875536054,0.504831980740202,2.82056529188658,0.571428571428571,0.857142857142857,-2.46965801306064,0.0201366469955681
"sem_covid","dfm_4a","estendido","sa","principal","vespera",28,0.342929858928412,0.371662772746485,1.00036470424844,0.678571428571429,0.857142857142857,-3.33575978680384,0.00248506773784961
"sem_covid","dfm_4b","core","sa","principal","m1",28,0.632442622661071,0.919065539173253,1.60557270277477,0.821428571428571,0.928571428571429,-0.762317997544318,0.452478842242825
"sem_covid","dfm_4b","core","sa","principal","m2",28,0.547059188048365,0.780923364597401,1.40360397148525,0.714285714285714,0.928571428571429,-1.9969727445042,0.0559993122159958
"sem_covid","dfm_4b","core","sa","principal","m3",28,0.48490156515766,0.52552980011352,1.91563067029172,0.714285714285714,0.857142857142857,-2.10937551279745,0.0443251468495752
"sem_covid","dfm_4b","core","sa","principal","vespera",28,0.324939013690616,0.352164536442343,0.88548668261909,0.678571428571429,0.892857142857143,-3.05769737032049,0.00498549535208965
"sem_covid","dfm_4b","estendido","sa","principal","m1",28,0.640850471343578,0.931283823814098,1.60529841026022,0.785714285714286,0.964285714285714,-0.654807299450162,0.518131814927041
"sem_covid","dfm_4b","estendido","sa","principal","m2",28,0.506820140824702,0.723482391421902,1.45641070043285,0.785714285714286,0.857142857142857,-2.71607032065686,0.0113819105736481
"sem_covid","dfm_4b","estendido","sa","principal","m3",28,0.527335354653715,0.571518970935582,2.14356415417179,0.678571428571429,0.714285714285714,-2.2438491866334,0.0332434178971368
"sem_covid","dfm_4b","estendido","sa","principal","vespera",28,0.390768280347749,0.423509411018474,1.12828273166408,0.678571428571429,0.857142857142857,-3.35715721491548,0.0023536276819344
"sem_covid","mfbvar","core","sa","principal","m1",28,0.687982014606905,0.999775376516724,1.71219654249829,0.75,0.892857142857143,-0.0020088591349212,0.998411932655379
"sem_covid","mfbvar","core","sa","principal","m2",28,0.557395444021042,0.795678301481505,1.97116842058973,0.642857142857143,0.892857142857143,-1.44505473839357,0.159949482577336
"sem_covid","mfbvar","core","sa","principal","m3",28,0.507464061949441,0.549982730937102,3.73909273882778,0.607142857142857,0.857142857142857,-1.89376723484377,0.0690172974527955
"sem_covid","mfbvar","core","sa","principal","vespera",28,0.389385703383794,0.422010992684286,1.12116674212767,0.714285714285714,0.892857142857143,-2.62125899015421,0.0142141675064897
"sem_covid","pool_crps","core","sa","principal","m1",28,0.604480107045338,0.878430415020993,1.70645899811296,0.785714285714286,0.964285714285714,-1.33079600310605,0.194386190367759
"sem_covid","pool_crps","core","sa","principal","m2",28,0.513177506071978,0.732557488170736,1.3704275295052,0.678571428571429,0.892857142857143,-2.25094584824599,0.0327348767551486
"sem_covid","pool_crps","core","sa","principal","m3",28,0.452850507649446,0.490793294694649,1.51291726575701,0.714285714285714,0.892857142857143,-2.21472667639714,0.0354058671909279
"sem_covid","pool_crps","core","sa","principal","vespera",28,0.320363186190042,0.347205316088108,0.861579008599832,0.714285714285714,0.892857142857143,-3.09695326902994,0.00452420591862641
"sem_covid","pool_crps","estendido","sa","principal","m1",28,0.585260659072866,0.850500715660899,1.51303498581441,0.821428571428571,0.964285714285714,-1.7426246472262,0.0927801152749147
"sem_covid","pool_crps","estendido","sa","principal","m2",28,0.484830364401647,0.692092131343647,1.38309172946195,0.785714285714286,0.857142857142857,-3.66940390938752,0.00105394725928317
"sem_covid","pool_crps","estendido","sa","principal","m3",28,0.482455221435745,0.522878485662166,2.09013311971887,0.607142857142857,0.785714285714286,-2.41803917365624,0.0226249031885524
"sem_covid","pool_crps","estendido","sa","principal","vespera",28,0.356604255746125,0.386482900258239,0.987147209070399,0.678571428571429,0.857142857142857,-3.35810050167082,0.0023479905979814
"sem_covid","pool_igual","core","sa","principal","m1",28,0.608170770480295,0.883793686657373,1.59510055642027,0.785714285714286,0.964285714285714,-1.26062495485326,0.218229612052819
"sem_covid","pool_igual","core","sa","principal","m2",28,0.511168015252637,0.729688953346623,1.34213162193427,0.678571428571429,0.928571428571429,-2.30571502420998,0.0290409610702628
"sem_covid","pool_igual","core","sa","principal","m3",28,0.449233269497682,0.486872980594937,1.64761881389485,0.714285714285714,0.892857142857143,-2.23640383522979,0.0337846086957509
"sem_covid","pool_igual","core","sa","principal","vespera",28,0.318626689402417,0.345323324205071,0.848516287133356,0.714285714285714,0.892857142857143,-3.08742806934276,0.00463223364951547
"sem_covid","pool_igual","estendido","sa","principal","m1",28,0.587456259706312,0.853691362223424,1.51926048237025,0.821428571428571,0.964285714285714,-1.69367355859469,0.101835046057508
"sem_covid","pool_igual","estendido","sa","principal","m2",28,0.48730475257196,0.695624304054565,1.37898846316797,0.785714285714286,0.857142857142857,-3.58326039238771,0.0013178356459135
"sem_covid","pool_igual","estendido","sa","principal","m3",28,0.487961169921046,0.528845758640497,2.37120040687882,0.642857142857143,0.785714285714286,-2.41076876962229,0.0229972118783084
"sem_covid","pool_igual","estendido","sa","principal","vespera",28,0.360037443340852,0.390203742837542,0.998093823993911,0.678571428571429,0.857142857142857,-3.39217988382174,0.00215286114702766
"sem_covid","sarima","core","sa","principal","m1",28,0.688136586243877,1,1.76989044434693,0.928571428571429,0.928571428571429,NA,NA
"sem_covid","sarima","core","sa","principal","m2",28,0.700528647046432,1,1.77969718153692,0.892857142857143,0.928571428571429,NA,NA
"sem_covid","sarima","core","sa","principal","m3",28,0.922690901739379,1,2.0838126522575,0.821428571428571,0.892857142857143,NA,NA
"sem_covid","sarima","core","sa","principal","vespera",28,0.922690901739379,1,2.0838126522575,0.821428571428571,0.892857142857143,NA,NA
