"amostra","modelo","painel","trilha","variante","timing","n","rmse","rmse_rel_sarima","dm_sarima","p_sarima","dm_focus","p_focus"
"cheia","combo_igual","core","sa","principal","m1",30,2.3922996108027,0.559545017389383,-1.51813994557407,0.139806554157499,1.07045449086395,0.293243524334927
"cheia","combo_igual","core","sa","principal","m2",30,1.68236837314605,0.416084472972458,-1.62648368365493,0.11466583521647,0.545576267975054,0.589529530781763
"cheia","combo_igual","core","sa","principal","m3",30,1.35091322239347,0.394049751030258,-1.74920976025128,0.0908327778560954,0.98909536098167,0.330797792820612
"cheia","combo_igual","core","sa","principal","vespera",30,1.38760602092497,0.404752724312526,-1.73591779102199,0.0931936937805109,1.29922753028458,0.204100585193221
"cheia","combo_igual","estendido","sa","principal","m1",30,2.49362044969477,0.583243374528162,-1.44403607523388,0.1594464947455,1.05959017817979,0.298076992474216
"cheia","combo_igual","estendido","sa","principal","m2",30,1.50342063765817,0.371826999164356,-1.62159483840605,0.115713785621055,-0.369653839431856,0.714326167330357
"cheia","combo_igual","estendido","sa","principal","m3",30,1.26826928796812,0.369943227202787,-1.74045071243158,0.0923827989920343,0.586298672649022,0.562210993831089
"cheia","combo_igual","estendido","sa","principal","vespera",30,1.79174880260435,0.522637692689164,-1.7240169572705,0.0953512786582874,2.01923027763272,0.0527915749522634
"cheia","combo_peneira","core","sa","principal","m1",30,1.64878892871087,0.385642176933426,-1.66689006000421,0.106302152529095,-0.168234000929216,0.867567020745868
"cheia","combo_peneira","core","sa","principal","m2",30,1.45820767250747,0.360644898337609,-1.63387316294567,0.113096785147038,-1.3394042046109,0.190842522282448
"cheia","combo_peneira","core","sa","principal","m3",30,1.18805448528806,0.346545260182364,-1.72842566819464,0.0945471328038776,0.234066388190506,0.816578034693159
"cheia","combo_peneira","core","sa","principal","vespera",30,0.678123601754621,0.197802813689035,-1.82485419241136,0.0783407198572354,0.343356899044108,0.733806804625459
"cheia","combo_peneira","estendido","sa","principal","m1",30,1.65285442535285,0.38659307304149,-1.65312332387521,0.109092730731091,-0.0920423394324695,0.927297289063247
"cheia","combo_peneira","estendido","sa","principal","m2",30,1.46252671104779,0.361713085842487,-1.62973044509754,0.113974225586857,-1.35629703611255,0.185471196086363
"cheia","combo_peneira","estendido","sa","principal","m3",30,1.16201000556151,0.338948309777379,-1.73958914369834,0.092536464630387,-0.023385809885203,0.981502699572346
"cheia","combo_peneira","estendido","sa","principal","vespera",30,0.764856364978737,0.223102013658428,-1.8083452571371,0.080934012378761,1.63040171062846,0.113831667742821
"cheia","combo_rmse","core","sa","aa","m1",30,2.3249942670196,0.543802687462373,-1.52100604400326,0.139088100172925,1.00477741752341,0.323314720840279
"cheia","combo_rmse","core","sa","aa","m2",30,1.57551020655296,0.38965623963225,-1.62590878010181,0.114788659818437,0.000203558113496321,0.999838977969558
"cheia","combo_rmse","core","sa","aa","m3",30,1.27604872352309,0.372212421546863,-1.74000684544233,0.0924619382225661,0.697058319767656,0.491316885252996
"cheia","combo_rmse","core","sa","aa","vespera",30,1.2999158463165,0.379174255688875,-1.74542222231719,0.091500308315599,1.25627608373262,0.219042258821936
"cheia","combo_rmse","estendido","sa","aa","m1",30,2.43526399582766,0.569594138100415,-1.44648876051725,0.158762972142263,0.908228429567283,0.371243687352392
"cheia","combo_rmse","estendido","sa","aa","m2",30,1.56128189704763,0.386137284594631,-1.64491575476919,0.110785261572731,-0.0887286705779653,0.9299074716012
"cheia","combo_rmse","estendido","sa","aa","m3",30,1.26596814584371,0.36927200386573,-1.75599114110432,0.0896478947669957,0.653731384001219,0.518435395006531
"cheia","combo_rmse","estendido","sa","aa","vespera",30,1.75367117789999,0.511530777540319,-1.66074280517101,0.107540785529929,1.84770135347574,0.0748694095690661
"cheia","dfm_4a","core","sa","principal","m1",30,1.93685002757707,0.453017998860769,-1.65778366758809,0.10814130781866,0.492394783394271,0.626147565110781
"cheia","dfm_4a","core","sa","principal","m2",30,1.15955745204715,0.286782525764017,-1.69216344198721,0.101334150672721,-1.78776953500764,0.084268465908636
"cheia","dfm_4a","core","sa","principal","m3",30,1.08968991191681,0.317853161382364,-1.74026790598551,0.0924153855185047,-0.411804644705102,0.683510591450168
"cheia","dfm_4a","core","sa","principal","vespera",30,0.945705949029087,0.275854279597986,-1.79435789431293,0.083188257073256,1.20472582607107,0.238049104178672
"cheia","dfm_4a","core","sa","trimestre","m1",30,1.93685002757707,0.453017998860769,-1.65778366758809,0.10814130781866,0.492394783394271,0.626147565110781
"cheia","dfm_4a","core","sa","trimestre","m2",30,1.1600669068812,0.286908524474829,-1.69202351381762,0.101361111622235,-1.78835516326568,0.0841719666461493
"cheia","dfm_4a","core","sa","trimestre","m3",30,1.08968991191681,0.317853161382364,-1.74026790598551,0.0924153855185047,-0.411804644705102,0.683510591450168
"cheia","dfm_4a","core","sa","trimestre","vespera",30,0.952151187544805,0.27773430015767,-1.79384832896417,0.0832713808233298,1.17645804186301,0.248978871442943
"cheia","dfm_4a","estendido","sa","principal","m1",30,2.70717793278556,0.633193232418067,-1.27936608717663,0.210910078185671,0.843264873403571,0.405982258659481
"cheia","dfm_4a","estendido","sa","principal","m2",30,1.27678000553066,0.315774086212494,-1.66180130305748,0.107326651641091,-1.31351853340215,0.199305965385195
"cheia","dfm_4a","estendido","sa","principal","m3",30,1.02215955337124,0.29815513745991,-1.72958129319841,0.094337296025027,-0.835414675699014,0.410314527462515
"cheia","dfm_4a","estendido","sa","principal","vespera",30,0.860455857165837,0.250987562093732,-1.77882159983524,0.0857546514823082,2.15881536324166,0.0392758441641979
"cheia","dfm_4a","estendido","sa","trimestre","m1",30,2.70717793278556,0.633193232418067,-1.27936608717663,0.210910078185671,0.843264873403571,0.405982258659481
"cheia","dfm_4a","estendido","sa","trimestre","m2",30,1.28047799162344,0.316688674610038,-1.6606357200723,0.10756246863796,-1.30648953795493,0.201653259274331
"cheia","dfm_4a","estendido","sa","trimestre","m3",30,1.02215955337124,0.29815513745991,-1.72958129319841,0.094337296025027,-0.835414675699014,0.410314527462515
"cheia","dfm_4a","estendido","sa","trimestre","vespera",30,0.86757294651793,0.253063555755474,-1.77839756335181,0.0858256305457573,2.19636452966367,0.0362117376654729
"cheia","dfm_4b","core","nsa","1","m1",30,3.13846333990468,0.734068390168598,-1.21593312500776,0.233815861082206,2.00542153342943,0.0543292534626301
"cheia","dfm_4b","core","nsa","1","m2",30,2.36479699679871,0.584863177295607,-1.48132205103928,0.149305477440693,1.71546010437793,0.0969284950035505
"cheia","dfm_4b","core","nsa","1","m3",30,2.18377559466145,0.63698853125272,-1.43867793315899,0.160947867129822,2.34228610486638,0.0262404837375354
"cheia","dfm_4b","core","nsa","1","vespera",30,2.26945081254784,0.661979254356146,-1.37670632951431,0.179139553843157,2.37588669611901,0.0243306983141129
"cheia","dfm_4b","core","sa","principal","m1",30,2.57864551864759,0.603130245499887,-1.32533078392606,0.195408728842343,1.40765393192787,0.169862878319899
"cheia","dfm_4b","core","sa","principal","m2",30,1.32824706568277,0.328502954004266,-1.6624043712487,0.107204810064624,-1.07447845579323,0.291467407510231
"cheia","dfm_4b","core","sa","principal","m3",30,1.14401209831263,0.333698475255868,-1.71635852965185,0.0967618704225669,-0.144078424036943,0.886435126726091
"cheia","dfm_4b","core","sa","principal","vespera",30,0.877927797649901,0.256083976640302,-1.80270216292572,0.0818371145663403,1.74188871736933,0.0921268029942682
"cheia","dfm_4b","core","sa","trimestre","m1",30,2.57864551864759,0.603130245499887,-1.32533078392606,0.195408728842343,1.40765393192787,0.169862878319899
"cheia","dfm_4b","core","sa","trimestre","m2",30,1.32524242525139,0.327759844320133,-1.66334772564703,0.107014449617287,-1.08120493353952,0.288515462344494
"cheia","dfm_4b","core","sa","trimestre","m3",30,1.14401209831263,0.333698475255868,-1.71635852965185,0.0967618704225669,-0.144078424036943,0.886435126726091
"cheia","dfm_4b","core","sa","trimestre","vespera",30,0.872127296704891,0.254392020476618,-1.80144874444236,0.0820388708619062,1.70535662989952,0.0988189920239501
"cheia","dfm_4b","estendido","nsa","1","m1",30,2.61848776296814,0.612449115590618,-1.57171724967721,0.126864227566974,1.32325072326821,0.19609071030297
"cheia","dfm_4b","estendido","nsa","1","m2",30,2.03832498527862,0.504119900720826,-1.63663906930562,0.112514081152381,1.19589900147238,0.241423079192446
"cheia","dfm_4b","estendido","nsa","1","m3",30,1.79511018319403,0.523618178454292,-1.67802482528808,0.10408887322223,1.77555822009825,0.0863021936267836
"cheia","dfm_4b","estendido","nsa","1","vespera",30,1.97885247654322,0.577214222780288,-1.65471088473843,0.108767846161151,1.89373952159042,0.0682746002975278
"cheia","dfm_4b","estendido","sa","principal","m1",30,2.68685044626162,0.628438751102616,-1.5316606082909,0.136443481353366,1.15310472626056,0.258283474536633
"cheia","dfm_4b","estendido","sa","principal","m2",30,1.73748409581575,0.429715730422116,-1.72433064334709,0.0952938726873265,0.410284145005907,0.684612992307379
"cheia","dfm_4b","estendido","sa","principal","m3",30,1.46976226728339,0.428716993731518,-1.7601769226226,0.0889230854002954,1.16096836963749,0.255122438865651
"cheia","dfm_4b","estendido","sa","principal","vespera",30,1.43492519568436,0.418555320011351,-1.82737367864636,0.0779512730574204,1.79687366225457,0.0827789038458094
"cheia","dfm_4b","estendido","sa","trimestre","m1",30,2.68685044626162,0.628438751102616,-1.5316606082909,0.136443481353366,1.15310472626056,0.258283474536633
"cheia","dfm_4b","estendido","sa","trimestre","m2",30,1.73678186711989,0.429542054750672,-1.72465113516958,0.0952352513158037,0.40844813232193,0.685945090905604
"cheia","dfm_4b","estendido","sa","trimestre","m3",30,1.46976226728339,0.428716993731518,-1.7601769226226,0.0889230854002954,1.16096836963749,0.255122438865651
"cheia","dfm_4b","estendido","sa","trimestre","vespera",30,1.43614150447709,0.41891010680965,-1.82729764077323,0.0779630022109683,1.79691274246852,0.0827725584799877
"cheia","famidas","core","nsa","1","m1",30,2.55152053646525,0.596785869336313,-1.32559909959302,0.195320890624046,1.90268710999018,0.0670528848798056
"cheia","famidas","core","nsa","1","m2",30,2.06067343728304,0.509647134840559,-1.35749144409069,0.185095913349301,1.5339422773085,0.13588247930489
"cheia","famidas","core","nsa","1","m3",30,1.50963289375518,0.440346912052098,-1.58204652777349,0.124485404565415,1.76579305917977,0.0879584054218083
"cheia","famidas","core","nsa","1","vespera",30,1.92286391185282,0.560882840711422,-1.57862013056413,0.125270411031587,1.16026602854218,0.255403610520584
"cheia","famidas","core","sa","principal","m1",30,3.87048637132212,0.90528433569411,-0.330691705603187,0.743254821748976,1.69844724962049,0.10012958586446
"cheia","famidas","core","sa","principal","m2",30,1.67957183211802,0.415392830572156,-1.56791177818687,0.127749956726503,0.332523827097362,0.741885529634344
"cheia","famidas","core","sa","principal","m3",30,1.34837431092376,0.393309172423177,-1.67277150573374,0.10512824110528,1.40946105682336,0.16933311043365
"cheia","famidas","core","sa","principal","vespera",30,1.12285741124028,0.327527835250426,-1.78445442986536,0.0848165033678519,1.88780596460533,0.0690953538398213
"cheia","famidas","core","sa","trimestre","m1",30,3.87048637132212,0.90528433569411,-0.330691705603187,0.743254821748976,1.69844724962049,0.10012958586446
"cheia","famidas","core","sa","trimestre","m2",30,1.65527360768022,0.409383377428155,-1.57611096247217,0.125847846750905,0.258091033910396,0.798159491423951
"cheia","famidas","core","sa","trimestre","m3",30,1.34837431092376,0.393309172423177,-1.67277150573374,0.10512824110528,1.40946105682336,0.16933311043365
"cheia","famidas","core","sa","trimestre","vespera",30,1.4442118520048,0.421264157670435,-1.76959535334152,0.0873103409825562,1.22416168862367,0.230743676245102
"cheia","famidas","estendido","nsa","1","m1",30,8.10725503687178,1.89623997767757,1.08771632913096,0.285678169169922,1.39625160354725,0.173235730248055
"cheia","famidas","estendido","nsa","1","m2",30,5.18862409154377,1.2832539858943,1.30459671291307,0.202288969292645,1.59331454625241,0.121932268768573
"cheia","famidas","estendido","nsa","1","m3",30,2.29149051797776,0.668408046593486,-1.15067276851845,0.259266837548153,1.0662704215673,0.295098400159782
"cheia","famidas","estendido","nsa","1","vespera",30,4.14848752507506,1.21007807852503,0.354613881099941,0.725444699673653,1.16965235932532,0.251664633928392
"cheia","famidas","estendido","sa","principal","m1",30,6.92765598254815,1.6203385937608,0.922205791060514,0.364030478714596,1.36525253964839,0.182671763763268
"cheia","famidas","estendido","sa","principal","m2",30,4.34172367457806,1.07379800747837,0.490770370006501,0.627282143464153,1.60090296588747,0.120237255367206
"cheia","famidas","estendido","sa","principal","m3",30,4.72493804764287,1.37822373076512,0.633211009839182,0.531558128682274,1.15286078210012,0.258381990499386
"cheia","famidas","estendido","sa","principal","vespera",30,4.43358030658603,1.29323718727658,0.441657378225623,0.662013004569703,1.1287711633051,0.268245855593922
"cheia","famidas","estendido","sa","trimestre","m1",30,6.92765598254815,1.6203385937608,0.922205791060514,0.364030478714596,1.36525253964839,0.182671763763268
"cheia","famidas","estendido","sa","trimestre","m2",30,4.53089333295347,1.12058357410212,0.78233496578861,0.440359361235185,1.74939758172432,0.090799782983389
"cheia","famidas","estendido","sa","trimestre","m3",30,4.72493804764287,1.37822373076512,0.633211009839182,0.531558128682274,1.15286078210012,0.258381990499386
"cheia","famidas","estendido","sa","trimestre","vespera",30,1.81589851235727,0.529681955013229,-1.34310033943632,0.189657095906733,1.63786793608528,0.112255991300487
"cheia","focus","nenhum","nsa","principal","m1",30,1.66670248162994,0.389832053165628,-1.66766410401029,0.106147034424459,NA,NA
"cheia","focus","nenhum","nsa","principal","m2",30,1.57547541972446,0.389647636130522,-1.60913825684833,0.11841976478035,NA,NA
"cheia","focus","nenhum","nsa","principal","m3",30,1.16380833437949,0.339472866803878,-1.73895979861631,0.0926488483073621,NA,NA
"cheia","focus","nenhum","nsa","principal","vespera",30,0.65327258920363,0.190553987379364,-1.83289658543193,0.0771033754938054,NA,NA
"cheia","lasso","core","nsa","1","m1",30,3.00389639632069,0.702593961778554,-1.08548871075882,0.28664659631232,1.04181328896455,0.30610607876514
"cheia","lasso","core","nsa","1","m2",30,2.22682082411832,0.55073881784565,-1.33038628266799,0.19375883178844,1.50354885378358,0.143510856044405
"cheia","lasso","core","nsa","1","m3",30,2.19304672619976,0.639692840466578,-1.2726466225123,0.213252589129819,1.19905018219869,0.24021452425285
"cheia","lasso","core","nsa","1","vespera",30,2.48569196497689,0.725054935950405,-1.29332057061471,0.206107974866318,1.42246937798239,0.165558047756174
"cheia","lasso","core","sa","esperar","m1",30,3.40716540643735,0.796916246604164,-0.766447545290524,0.449604490248056,1.59922569998962,0.120610223249742
"cheia","lasso","core","sa","esperar","m2",30,2.40079351407521,0.593765860060517,-1.18315370692498,0.246357164213776,1.40124021275631,0.171753652203396
"cheia","lasso","core","sa","esperar","m3",30,1.8266693723893,0.532823722110961,-1.49795347812751,0.144952229829818,2.04227901628015,0.0503101259698747
"cheia","lasso","core","sa","esperar","vespera",30,2.35560891427217,0.687110830515836,-1.19582985857179,0.241449647599938,1.59769892007038,0.120950555973938
"cheia","lasso","core","sa","principal","m1",30,2.44350365530548,0.571521346709646,-1.59962617471449,0.120521084574365,1.12631674193533,0.269265944482998
"cheia","lasso","core","sa","principal","m2",30,2.31120467575853,0.571608688557404,-1.39873221394548,0.172497506943161,1.42894870025974,0.163702743782065
"cheia","lasso","core","sa","principal","m3",30,2.19539373918615,0.640377443938968,-1.48727298655263,0.147735915132653,1.27219321172843,0.213411364268542
"cheia","lasso","core","sa","principal","vespera",30,1.9499054478319,0.568770623837233,-1.43202604125444,0.162827364735661,1.07481022461651,0.291321310079269
"cheia","lasso","core","sa","trimestre","m1",30,2.44350365530548,0.571521346709646,-1.59962617471449,0.120521084574365,1.12631674193533,0.269265944482998
"cheia","lasso","core","sa","trimestre","m2",30,2.2685098141754,0.561049366791727,-1.4242306652587,0.165052076348896,1.3032389895862,0.202745909855628
"cheia","lasso","core","sa","trimestre","m3",30,2.19539373918615,0.640377443938968,-1.48727298655263,0.147735915132653,1.27219321172843,0.213411364268542
"cheia","lasso","core","sa","trimestre","vespera",30,1.66184418870312,0.484745635733226,-1.71055750200864,0.0978420045192401,1.45554819624997,0.156258470195425
"cheia","lasso","estendido","nsa","1","m1",30,3.24303699882803,0.758527563065049,-1.42767038189869,0.164067469107834,1.40503132156685,0.170634034362227
"cheia","lasso","estendido","nsa","1","m2",30,2.90661740908881,0.718866564598867,-1.45411344140939,0.15665299709954,1.47059622031619,0.152168213646748
"cheia","lasso","estendido","nsa","1","m3",30,2.70711986901841,0.789643548314509,-1.24191344091122,0.224218954223513,1.66997304359398,0.105685445388925
"cheia","lasso","estendido","nsa","1","vespera",30,2.08580108496305,0.608410210666322,-1.67786558718032,0.10412025174874,1.78281702683831,0.0850883083176925
"cheia","lasso","estendido","sa","esperar","m1",30,3.28094767296105,0.767394650080913,-1.21117842577971,0.23560491040617,1.66853340935113,0.105973051177715
"cheia","lasso","estendido","sa","esperar","m2",30,3.11562178498747,0.770557666846651,-1.1772718946209,0.248659113238639,1.87796573583122,0.0704752933748672
"cheia","lasso","estendido","sa","esperar","m3",30,2.70794838553989,0.789885219447489,-1.27167572719007,0.213592686404783,1.73326048939365,0.0936718470817342
"cheia","lasso","estendido","sa","esperar","vespera",30,2.53221772661584,0.738626099875975,-1.31973849612376,0.197246414124397,1.73746024826111,0.0929170913834278
"cheia","lasso","estendido","sa","principal","m1",30,2.77684111830782,0.649487047865947,-1.47044300902271,0.152209422290784,1.10842099623974,0.2767883719344
"cheia","lasso","estendido","sa","principal","m2",30,2.74424490875329,0.678708489051485,-1.11117656078067,0.275620355375792,1.50855970661566,0.142229894876175
"cheia","lasso","estendido","sa","principal","m3",30,2.16401132791725,0.631223464880766,-1.42492431920539,0.16485314435325,1.16762120810175,0.252470303809
"cheia","lasso","estendido","sa","principal","vespera",30,2.66201961031393,0.77648819131651,-1.05332142371816,0.300891273954326,1.78862080953188,0.0841282247429425
"cheia","lasso","estendido","sa","trimestre","m1",30,2.77684111830782,0.649487047865947,-1.47044300902271,0.152209422290784,1.10842099623974,0.2767883719344
"cheia","lasso","estendido","sa","trimestre","m2",30,2.353007327112,0.581947348291439,-1.38893883384497,0.175426455551808,1.13656762372324,0.265024088159534
"cheia","lasso","estendido","sa","trimestre","m3",30,2.16401132791725,0.631223464880766,-1.42492431920539,0.16485314435325,1.16762120810175,0.252470303809
"cheia","lasso","estendido","sa","trimestre","vespera",30,2.19182589665153,0.639336735002838,-1.42031330908133,0.166179100476621,1.41731596311056,0.167045543209898
"cheia","mfbvar","core","sa","principal","m1",30,2.15544628399306,0.504146396635535,-1.60366953333823,0.119624139744251,0.75327677779685,0.457355868175275
"cheia","mfbvar","core","sa","principal","m2",30,1.4987617958206,0.370674771280386,-1.60088518299686,0.120241204698767,-0.34116090161679,0.735441992371276
"cheia","mfbvar","core","sa","principal","m3",30,1.3568799984297,0.395790208205858,-1.66358214063055,0.106967190514266,0.661565155120314,0.513472563101443
"cheia","mfbvar","core","sa","principal","vespera",30,1.42042759099806,0.414326493597876,-1.67566348867185,0.104554995630945,1.26712618086574,0.215191846065388
"cheia","mfbvar","core","sa","trimestre","m1",30,2.15544628399306,0.504146396635535,-1.60366953333823,0.119624139744251,0.75327677779685,0.457355868175275
"cheia","mfbvar","core","sa","trimestre","m2",30,1.45517069531158,0.359893791103217,-1.61671259850286,0.116768213617193,-0.503429828548628,0.618464840413466
"cheia","mfbvar","core","sa","trimestre","m3",30,1.3568799984297,0.395790208205858,-1.66358214063055,0.106967190514266,0.661565155120314,0.513472563101443
"cheia","mfbvar","core","sa","trimestre","vespera",30,1.24340662763181,0.362691003334468,-1.71679167811568,0.096681623600616,1.39325701965133,0.174130218627094
"cheia","rf","core","nsa","2","m1",30,3.59681245916331,0.841273593374699,-0.960305749924299,0.344840198654033,1.96721825965129,0.0587899283626916
"cheia","rf","core","nsa","2","m2",30,3.1874017050939,0.788310324768793,-1.12884711412434,0.268214334083945,2.05668000608235,0.0488124205196206
"cheia","rf","core","nsa","2","m3",30,2.81492931752745,0.821090635839811,-1.07589212283831,0.290845246316618,2.18554991817543,0.0370714978932684
"cheia","rf","core","nsa","2","vespera",30,2.81328364735512,0.820610608025339,-1.0093389026059,0.321160060043253,2.26396549370724,0.0312314057542693
"cheia","rf","core","nsa","3","m1",30,3.2583902026333,0.762118588474832,-1.54099971804009,0.134159097007769,1.41505159291101,0.167702470372408
"cheia","rf","core","nsa","3","m2",30,3.01153328625576,0.744814429617169,-1.4995744262483,0.144533476344923,1.42406675653198,0.165099111256188
"cheia","rf","core","nsa","3","m3",30,2.5940092407364,0.756650152310555,-1.5122231973029,0.141299228478864,1.50383801334653,0.143436683728124
"cheia","rf","core","nsa","3","vespera",30,2.45483991539924,0.716055658829329,-1.52691173020941,0.137617136197037,1.74684968479255,0.0912482411640402
"cheia","rf","core","sa","esperar","m1",30,3.21810864718157,0.752696966055995,-1.51987257387156,0.139371872360476,1.41018243845457,0.169121998211218
"cheia","rf","core","sa","esperar","m2",30,2.90748023670022,0.719079959701683,-1.49817118906264,0.144895929895579,1.56495707724039,0.128441152419292
"cheia","rf","core","sa","esperar","m3",30,2.30331210030887,0.671856300335575,-1.55920217089444,0.129796181709178,1.50388875828325,0.143423670337063
"cheia","rf","core","sa","esperar","vespera",30,2.33030524145639,0.679729967105865,-1.55195491504411,0.131519182316721,1.64294728598957,0.111194419153612
"cheia","rf","core","sa","principal","m1",30,3.31664122554472,0.775743165212936,-1.54039207267673,0.134306777066157,1.46916973343369,0.152552236183769
"cheia","rf","core","sa","principal","m2",30,2.9992095912231,0.741766525106727,-1.4787678304523,0.149983249163784,1.57419007789508,0.126291373594174
"cheia","rf","core","sa","principal","m3",30,2.38078550091485,0.694454623983757,-1.57717756077531,0.125602124033333,1.48186050646854,0.149162910696573
"cheia","rf","core","sa","principal","vespera",30,2.382211102732,0.694870459754556,-1.4897000800827,0.147099588900653,1.59936738875178,0.120578679602647
"cheia","rf","core","sa","trimestre","m1",30,3.31664122554472,0.775743165212936,-1.54039207267673,0.134306777066157,1.46916973343369,0.152552236183769
"cheia","rf","core","sa","trimestre","m2",30,2.98008973909385,0.737037790470783,-1.50557384684837,0.142992075291661,1.54609294178296,0.132926446766864
"cheia","rf","core","sa","trimestre","m3",30,2.38078550091485,0.694454623983757,-1.57717756077531,0.125602124033333,1.48186050646854,0.149162910696573
"cheia","rf","core","sa","trimestre","vespera",30,2.37959341151806,0.694106901774644,-1.54136079144323,0.134071405564611,1.64080053015535,0.111642064593096
"cheia","rf","estendido","nsa","2","m1",30,4.17508102197104,0.976527259583929,-0.222031965089616,0.825845214817063,2.16401139634267,0.0388384599549822
"cheia","rf","estendido","nsa","2","m2",30,3.68347413078975,0.910999289383503,-0.649761011283513,0.520960626133796,2.19936973421819,0.035976020034807
"cheia","rf","estendido","nsa","2","m3",30,3.09599831880565,0.903076042555847,-0.728336997836749,0.472248047013904,2.24451894928899,0.0325967144478152
"cheia","rf","estendido","nsa","2","vespera",30,3.0384396897065,0.886286686222521,-0.79377981173384,0.433771071409485,2.33418746015605,0.0267207308476746
"cheia","rf","estendido","nsa","3","m1",30,3.57661433721709,0.836549369684406,-1.41208620360662,0.168565859192187,1.58591995392673,0.123602847838489
"cheia","rf","estendido","nsa","3","m2",30,3.2415355044641,0.801698732290281,-1.4024631372781,0.171391858760145,1.55761534788569,0.130171856474657
"cheia","rf","estendido","nsa","3","m3",30,2.74402409757099,0.800408193912796,-1.40692987298557,0.170075506414731,1.58024730291852,0.124897112072769
"cheia","rf","estendido","nsa","3","vespera",30,2.63811973821166,0.76951680448319,-1.47665148918157,0.150546696704909,1.76658450661407,0.087823175447933
"cheia","rf","estendido","sa","esperar","m1",30,3.33595869984226,0.780261410520893,-1.6478024101871,0.110187516422638,1.46636319102183,0.153310046717428
"cheia","rf","estendido","sa","esperar","m2",30,3.10286878148517,0.767403585477927,-1.53932394051977,0.134566692846763,1.54317920902834,0.133630487608436
"cheia","rf","estendido","sa","esperar","m3",30,2.47022612200229,0.720543682768047,-1.52744703212408,0.137484431490868,1.52860044287594,0.137198846605162
"cheia","rf","estendido","sa","esperar","vespera",30,2.51318092640266,0.733073229225167,-1.49642096353555,0.145349036399638,1.6910673889173,0.101545495869307
"cheia","rf","estendido","sa","principal","m1",30,3.66405022779605,0.857000117865586,-1.70706922424421,0.0984963788774607,1.5267436844687,0.137658817216957
"cheia","rf","estendido","sa","principal","m2",30,3.28808595268283,0.813211620325322,-1.5661381910269,0.128164487368125,1.53797467852888,0.134895602554729
"cheia","rf","estendido","sa","principal","m3",30,2.55381748157227,0.74492656234966,-1.54333478081139,0.133592820464132,1.55024936797231,0.131927368481123
"cheia","rf","estendido","sa","principal","vespera",30,2.51585718080848,0.733853869583722,-1.52116080981951,0.139049389815451,1.6343370608858,0.112998879725111
"cheia","rf","estendido","sa","trimestre","m1",30,3.66405022779605,0.857000117865586,-1.70706922424421,0.0984963788774607,1.5267436844687,0.137658817216957
"cheia","rf","estendido","sa","trimestre","m2",30,3.29562898764192,0.815077168784067,-1.55473604919961,0.130855787301357,1.5475643194834,0.132572069849081
"cheia","rf","estendido","sa","trimestre","m3",30,2.55381748157227,0.74492656234966,-1.54333478081139,0.133592820464132,1.55024936797231,0.131927368481123
"cheia","rf","estendido","sa","trimestre","vespera",30,2.53471869357883,0.739355610397275,-1.51343318547939,0.140992929312192,1.68507415779935,0.10270767420039
"cheia","ridge","core","nsa","1","m1",30,3.32709062730251,0.778187219737658,-1.12712775847868,0.268928566132981,1.7263280959008,0.0949290126430047
"cheia","ridge","core","nsa","1","m2",30,2.95505722533458,0.730846732399937,-1.18679061957232,0.24494168040971,1.88451175439813,0.0695546933654886
"cheia","ridge","core","nsa","1","m3",30,2.43223452903097,0.709461862334704,-1.28252629807596,0.209815172722141,1.60297512992432,0.119777787919858
"cheia","ridge","core","nsa","1","vespera",30,2.45964547772556,0.717457399967735,-1.2997215247492,0.203933389316562,1.74775856108974,0.0910880543240511
"cheia","ridge","core","sa","esperar","m1",30,3.21021819561219,0.75085143515315,-1.53351733110063,0.135986820087592,1.42764892054179,0.164073597881534
"cheia","ridge","core","sa","esperar","m2",30,2.82443934880952,0.698542231684035,-1.60472808221115,0.119390231020365,1.49618199370027,0.145410990516079
"cheia","ridge","core","sa","esperar","m3",30,2.15988393673418,0.630019540423493,-1.69298742597895,0.101175509715002,1.55318039217171,0.131226527052115
"cheia","ridge","core","sa","esperar","vespera",30,2.26588993881251,0.660940578158744,-1.70086959494511,0.0996684567633831,1.72202019230812,0.09571737917244
"cheia","ridge","core","sa","principal","m1",30,3.18080256198584,0.743971288889427,-1.51890726880936,0.139613912853483,1.42935832752387,0.16358600649122
"cheia","ridge","core","sa","principal","m2",30,2.74337827697154,0.678494153098714,-1.56027052769422,0.129543751207997,1.4753873989233,0.150884053015309
"cheia","ridge","core","sa","principal","m3",30,2.19230028234387,0.639475109223226,-1.76943129131245,0.0873382198632834,1.49157711341599,0.146608989051238
"cheia","ridge","core","sa","principal","vespera",30,2.19836650361372,0.641244573716914,-1.72294981497969,0.0955467887568431,1.6209136105962,0.11586043744008
"cheia","ridge","core","sa","trimestre","m1",30,3.18080256198584,0.743971288889427,-1.51890726880936,0.139613912853483,1.42935832752387,0.16358600649122
"cheia","ridge","core","sa","trimestre","m2",30,2.74689185996353,0.679363134797848,-1.5572870290667,0.130249695559574,1.48180317708297,0.149178084584858
"cheia","ridge","core","sa","trimestre","m3",30,2.19230028234387,0.639475109223226,-1.76943129131245,0.0873382198632834,1.49157711341599,0.146608989051238
"cheia","ridge","core","sa","trimestre","vespera",30,2.26274757129015,0.660023976618908,-1.73641001872007,0.0931053492117139,1.6654534497176,0.106590549822066
"cheia","ridge","estendido","nsa","1","m1",30,3.15846931316288,0.738747671394118,-1.23512519942215,0.226697426283333,1.62605474371052,0.114757465281347
"cheia","ridge","estendido","nsa","1","m2",30,2.8595953899544,0.707237047329083,-1.24396431507051,0.223474177790594,1.79548261019453,0.0830050361136767
"cheia","ridge","estendido","nsa","1","m3",30,2.45773324001943,0.716899616699705,-1.28139426115716,0.210206886182762,1.44267488785768,0.159826844580419
"cheia","ridge","estendido","nsa","1","vespera",30,2.52340138406056,0.736054448691195,-1.22806029177671,0.22929869116547,1.55231631850254,0.131432820534307
"cheia","ridge","estendido","sa","esperar","m1",30,3.16751892563775,0.740864323316292,-1.55703200568322,0.130310183704603,1.45535275759238,0.156312164944718
"cheia","ridge","estendido","sa","esperar","m2",30,3.03617266805324,0.750908258027887,-1.38830788263581,0.175616487752904,1.67090545664778,0.105499518568813
"cheia","ridge","estendido","sa","esperar","m3",30,2.43864467485822,0.711331646659431,-1.43574421413154,0.161774655677547,1.49740554395778,0.145094003360338
"cheia","ridge","estendido","sa","esperar","vespera",30,2.45008308741127,0.714668133077652,-1.24263784229923,0.22395567433165,1.57943114540882,0.125084237225676
"cheia","ridge","estendido","sa","principal","m1",30,3.17118374109271,0.741721502416357,-1.46569348241452,0.153491323051875,1.45359285506595,0.156796343581538
"cheia","ridge","estendido","sa","principal","m2",30,2.38485409211479,0.589823711544325,-1.3234459810268,0.19602661394388,1.35314958695061,0.186462959977562
"cheia","ridge","estendido","sa","principal","m3",30,2.17898974293101,0.635592539525355,-1.55062015696291,0.131838540314739,1.39578582498509,0.17337462146065
"cheia","ridge","estendido","sa","principal","vespera",30,2.39311907725863,0.698052221969338,-1.42644534794679,0.164417595733757,1.56862319075185,0.127583990835917
"cheia","ridge","estendido","sa","trimestre","m1",30,3.17118374109271,0.741721502416357,-1.46569348241452,0.153491323051875,1.45359285506595,0.156796343581538
"cheia","ridge","estendido","sa","trimestre","m2",30,2.37583623778539,0.587593409771013,-1.32964790009236,0.193999134748317,1.33167035784883,0.193341483680053
"cheia","ridge","estendido","sa","trimestre","m3",30,2.17898974293101,0.635592539525355,-1.55062015696291,0.131838540314739,1.39578582498509,0.17337462146065
"cheia","ridge","estendido","sa","trimestre","vespera",30,2.25719481873086,0.658404286525384,-1.44881697907126,0.158116297417133,1.58021431540913,0.124904670853682
"cheia","sarima","core","nsa","1","m1",30,3.54658410099241,0.829525471434092,-1.08827605649819,0.285435201464487,1.86287946843311,0.0726370762542149
"cheia","sarima","core","nsa","1","m2",30,3.41657864373275,0.844990518745969,-0.878375806548376,0.386959714332586,2.03857861030387,0.0507014540727565
"cheia","sarima","core","nsa","1","m3",30,2.97197086848426,0.866898303593849,-0.705143069547024,0.486346722357675,1.90178986420981,0.0671745360464444
"cheia","sarima","core","nsa","1","vespera",30,2.97197086848426,0.866898303593849,-0.705143069547024,0.486346722357675,2.0184860961767,0.0528734577464428
"cheia","sarima","core","sa","principal","m1",30,4.27543725072244,1,NA,NA,1.66766410401029,0.106147034424459
"cheia","sarima","core","sa","principal","m2",30,4.0433337036766,1,NA,NA,1.60913825684833,0.11841976478035
"cheia","sarima","core","sa","principal","m3",30,3.42828086773678,1,NA,NA,1.73895979861631,0.0926488483073621
"cheia","sarima","core","sa","principal","vespera",30,3.42828086773678,1,NA,NA,1.83289658543193,0.0771033754938054
"sem_covid","combo_igual","core","sa","principal","m1",28,1.66557933323858,0.436011088114151,-1.35948611365655,0.185239214762808,0.520222330843611,0.60714838950069
"sem_covid","combo_igual","core","sa","principal","m2",28,1.509285493686,0.399249068133298,-1.38180387688894,0.178359169981113,0.798193468786838,0.431723168273862
"sem_covid","combo_igual","core","sa","principal","m3",28,0.994221626031639,0.527618960871094,-1.69574816575566,0.101436719655087,-0.187011421803781,0.853049857474415
"sem_covid","combo_igual","core","sa","principal","vespera",28,0.809641270247888,0.429664849870153,-1.91021250222129,0.0667812779408879,1.11468267458891,0.274810547779289
"sem_covid","combo_igual","estendido","sa","principal","m1",28,1.59571944836497,0.417723346538944,-1.36152120221951,0.184603371751949,0.240927879071294,0.811431181659312
"sem_covid","combo_igual","estendido","sa","principal","m2",28,1.49001928513406,0.394152606368443,-1.34567331622505,0.189600188690866,0.930944210418816,0.360132231701459
"sem_covid","combo_igual","estendido","sa","principal","m3",28,1.10280865944224,0.585244520637739,-1.62811000331557,0.115116271666251,0.602574414122863,0.551819687912805
"sem_covid","combo_igual","estendido","sa","principal","vespera",28,1.14600130989047,0.608166232205938,-1.54398741347074,0.134232475904111,2.19832628152278,0.0366786957556609
"sem_covid","combo_peneira","core","sa","principal","m1",28,1.53321069273719,0.401359964732967,-1.37183480369639,0.181407192996524,-0.168032545428013,0.867810022479285
"sem_covid","combo_peneira","core","sa","principal","m2",28,1.19652075342195,0.31651387216291,-1.41791480937853,0.16765439581375,-1.34071909113517,0.191183667132414
"sem_covid","combo_peneira","core","sa","principal","m3",28,1.03662070169599,0.550119533840131,-1.83231351836542,0.0779568239630524,0.106487203319615,0.915983081667513
"sem_covid","combo_peneira","core","sa","principal","vespera",28,0.69690668347902,0.369838243842042,-2.04855859635704,0.050341199767119,0.439794804441684,0.663586077268106
"sem_covid","combo_peneira","estendido","sa","principal","m1",28,1.50277871769095,0.393393560318248,-1.36127360670251,0.184680639214413,-0.297848335882345,0.768098829119662
"sem_covid","combo_peneira","estendido","sa","principal","m2",28,1.21616727265363,0.321710936951598,-1.4098533560635,0.169998896594431,-1.23518676530282,0.227401790811809
"sem_covid","combo_peneira","estendido","sa","principal","m3",28,1.02187747141795,0.542295515899351,-1.80818419699649,0.0817300557792717,-0.0233570076020562,0.981537267080228
"sem_covid","combo_peneira","estendido","sa","principal","vespera",28,0.754713287942324,0.400515368317953,-1.97356643606401,0.05874614225601,1.4036295730021,0.171826645450774
"sem_covid","combo_rmse","core","sa","aa","m1",28,1.58788296464158,0.415671931918796,-1.36042342901954,0.184946147732046,0.166756831257214,0.868803976555371
"sem_covid","combo_rmse","core","sa","aa","m2",28,1.41128632427923,0.373325492224586,-1.37982197515053,0.178961905954581,0.367178572738283,0.716348123581902
"sem_covid","combo_rmse","core","sa","aa","m3",28,0.99534130869757,0.528213160181626,-1.66943546240789,0.10658695138858,-0.172075295401434,0.864661638504761
"sem_covid","combo_rmse","core","sa","aa","vespera",28,0.796840978138383,0.422871920964935,-1.91672124586268,0.0659138518056685,1.01260979987457,0.320235539438703
"sem_covid","combo_rmse","estendido","sa","aa","m1",28,1.50917526352815,0.395068031689856,-1.35400708639562,0.186959586449867,-0.234200924762613,0.81659584103292
"sem_covid","combo_rmse","estendido","sa","aa","m2",28,1.5057615705069,0.398316889926249,-1.37441876822404,0.180613257087771,1.17158317632627,0.251599749569553
"sem_covid","combo_rmse","estendido","sa","aa","m3",28,1.03710233317384,0.550375128662467,-1.67437883755636,0.105603000359258,0.101348012315695,0.92002309404244
"sem_covid","combo_rmse","estendido","sa","aa","vespera",28,1.10992194452534,0.589019437603593,-1.5945806577699,0.122446500606506,2.2275277486491,0.0344401836780978
"sem_covid","dfm_4a","core","sa","principal","m1",28,1.42052251607853,0.371860742725327,-1.38763358070434,0.176595487280266,-0.730672545371525,0.471272576581325
"sem_covid","dfm_4a","core","sa","principal","m2",28,1.17841737294948,0.311725011596813,-1.41109961012284,0.169634763071386,-1.03508154467511,0.309813147604172
"sem_covid","dfm_4a","core","sa","principal","m3",28,0.918923480810035,0.48765933004319,-1.69471354100946,0.101635204432253,-0.540273792231234,0.593437268079444
"sem_covid","dfm_4a","core","sa","principal","vespera",28,0.742380424521474,0.393970497021352,-1.92422712160002,0.0649257260362669,0.68047074858231,0.502000432733912
"sem_covid","dfm_4a","core","sa","trimestre","m1",28,1.42052251607853,0.371860742725327,-1.38763358070434,0.176595487280266,-0.730672545371525,0.471272576581325
"sem_covid","dfm_4a","core","sa","trimestre","m2",28,1.17807434293945,0.31163427037362,-1.41119584223515,0.169606671447726,-1.03726455822266,0.308813415716005
"sem_covid","dfm_4a","core","sa","trimestre","m3",28,0.918923480810035,0.48765933004319,-1.69471354100946,0.101635204432253,-0.540273792231234,0.593437268079444
"sem_covid","dfm_4a","core","sa","trimestre","vespera",28,0.738153463762776,0.391727310407067,-1.92573741301388,0.0647284675849062,0.638483092679618,0.528538388842388
"sem_covid","dfm_4a","estendido","sa","principal","m1",28,1.46802133932278,0.384294862910162,-1.36850279848242,0.182435003226094,-0.433513379205084,0.668085865090965
"sem_covid","dfm_4a","estendido","sa","principal","m2",28,1.31362949436075,0.347492474876365,-1.37861402801144,0.179330050916422,-0.242226581783706,0.810435084592027
"sem_covid","dfm_4a","estendido","sa","principal","m3",28,1.02272483719457,0.542745200596236,-1.63807013985916,0.113010296702698,-0.00854811518165949,0.993242522400773
"sem_covid","dfm_4a","estendido","sa","principal","vespera",28,0.869373305602429,0.46136377252412,-1.85278219803937,0.0748744019990097,2.06056788709312,0.0490988702589139
"sem_covid","dfm_4a","estendido","sa","trimestre","m1",28,1.46802133932278,0.384294862910162,-1.36850279848242,0.182435003226094,-0.433513379205084,0.668085865090965
"sem_covid","dfm_4a","estendido","sa","trimestre","m2",28,1.31335908505322,0.347420943900617,-1.37868152346037,0.179309464714268,-0.243960807090597,0.809105450144362
"sem_covid","dfm_4a","estendido","sa","trimestre","m3",28,1.02272483719457,0.542745200596236,-1.63807013985916,0.113010296702698,-0.00854811518165949,0.993242522400773
"sem_covid","dfm_4a","estendido","sa","trimestre","vespera",28,0.869114898821343,0.461226639802654,-1.85247399757193,0.0749200238256219,2.0412463304742,0.0511111885563531
"sem_covid","dfm_4b","core","nsa","1","m1",28,2.69955629099594,0.706682925498297,-1.00077010279123,0.3258231531208,2.28860163908355,0.0301523703444759
"sem_covid","dfm_4b","core","nsa","1","m2",28,2.34560657840341,0.620479852587602,-1.18254198241007,0.24730012968222,1.95268672641677,0.061295450284582
"sem_covid","dfm_4b","core","nsa","1","m3",28,1.59744637254209,0.847741562906957,-0.576306088220252,0.569181836329911,2.35376320136804,0.0261167328180222
"sem_covid","dfm_4b","core","nsa","1","vespera",28,1.57772408922809,0.837275233915833,-0.610810403637921,0.546433173839431,3.49812610115254,0.00164137777154324
"sem_covid","dfm_4b","core","sa","principal","m1",28,1.61577771998806,0.422974149464717,-1.34033179000654,0.191307888973653,0.297376622966755,0.768455021291035
"sem_covid","dfm_4b","core","sa","principal","m2",28,1.36853653977587,0.362016954709801,-1.37678604686546,0.179888293692101,0.155668341801293,0.877452463421598
"sem_covid","dfm_4b","core","sa","principal","m3",28,1.03214186654787,0.547742681149653,-1.60073265985213,0.121073377815396,0.051379126859637,0.959401653805848
"sem_covid","dfm_4b","core","sa","principal","vespera",28,0.81703707282272,0.433589694761041,-1.91480805923762,0.0661678007965857,1.21310388507309,0.235596968058722
"sem_covid","dfm_4b","core","sa","trimestre","m1",28,1.61577771998806,0.422974149464717,-1.34033179000654,0.191307888973653,0.297376622966755,0.768455021291035
"sem_covid","dfm_4b","core","sa","trimestre","m2",28,1.36707049004344,0.361629142733897,-1.37722409950043,0.179754393731681,0.144013664470935,0.886559216740681
"sem_covid","dfm_4b","core","sa","trimestre","m3",28,1.03214186654787,0.547742681149653,-1.60073265985213,0.121073377815396,0.051379126859637,0.959401653805848
"sem_covid","dfm_4b","core","sa","trimestre","vespera",28,0.819852978668938,0.435084055050127,-1.91101689709619,0.0666735406439332,1.21860163333142,0.233536332578969
"sem_covid","dfm_4b","estendido","nsa","1","m1",28,2.09716562077853,0.548990640087546,-1.33634305517134,0.192590876080691,1.3090062401488,0.201564209289287
"sem_covid","dfm_4b","estendido","nsa","1","m2",28,1.94040332985765,0.513292034203828,-1.38188424029193,0.178334763560221,1.31688839879002,0.198944425367431
"sem_covid","dfm_4b","estendido","nsa","1","m3",28,1.25194009638947,0.664386405842325,-1.27735609362348,0.212351745385939,1.18841386387894,0.245018809250623
"sem_covid","dfm_4b","estendido","nsa","1","vespera",28,1.16412568421872,0.617784574132052,-1.46487173002935,0.154504172946911,3.20737326482523,0.00343547213523164
"sem_covid","dfm_4b","estendido","sa","principal","m1",28,1.95918940535406,0.512871580118111,-1.39320748482763,0.174922058046316,1.07676472408225,0.291112714116628
"sem_covid","dfm_4b","estendido","sa","principal","m2",28,1.79578012006065,0.475035069578214,-1.41302872631904,0.16907232761995,1.14646652830186,0.261661297407202
"sem_covid","dfm_4b","estendido","sa","principal","m3",28,1.10998902393068,0.589055035668664,-1.58975535898148,0.123532475617451,0.664983518191656,0.511701592666606
"sem_covid","dfm_4b","estendido","sa","principal","vespera",28,0.913022484707115,0.484527757212337,-1.85103849747255,0.0751328318393738,2.35991997180799,0.0257621026854889
"sem_covid","dfm_4b","estendido","sa","trimestre","m1",28,1.95918940535406,0.512871580118111,-1.39320748482763,0.174922058046316,1.07676472408225,0.291112714116628
"sem_covid","dfm_4b","estendido","sa","trimestre","m2",28,1.79481700008434,0.474780296869768,-1.41347531416216,0.168942335389492,1.14346618853205,0.262882594076655
"sem_covid","dfm_4b","estendido","sa","trimestre","m3",28,1.10998902393068,0.589055035668664,-1.58975535898148,0.123532475617451,0.664983518191656,0.511701592666606
"sem_covid","dfm_4b","estendido","sa","trimestre","vespera",28,0.912364266611723,0.484178450439657,-1.85253927868267,0.074910358492648,2.34975074881211,0.0263502421673927
"sem_covid","famidas","core","nsa","1","m1",28,2.17640719645632,0.569734296631347,-1.08722167698285,0.286549728249863,1.76669097374909,0.088584549851421
"sem_covid","famidas","core","nsa","1","m2",28,1.80350722794091,0.477079110042038,-1.22057920862903,0.232798418257606,2.26774255160294,0.0315591545348693
"sem_covid","famidas","core","nsa","1","m3",28,1.3427548760728,0.712580488965928,-1.2440872054321,0.224160094571853,1.73833618961275,0.0935451601555471
"sem_covid","famidas","core","nsa","1","vespera",28,0.62219157393912,0.330188021573032,-2.02761737973397,0.0525741592129527,-0.313242958919252,0.75650310733617
"sem_covid","famidas","core","sa","principal","m1",28,2.55748372348314,0.669491532980247,-1.23840305811783,0.2262263103145,1.47234781920349,0.152488931805804
"sem_covid","famidas","core","sa","principal","m2",28,1.71442112312739,0.45351329397926,-1.28235049511324,0.210620759920616,1.24625285182565,0.223376630721182
"sem_covid","famidas","core","sa","principal","m3",28,1.17645642496025,0.624328318953603,-1.48350520852356,0.149520721299497,1.01467536855377,0.319267535218252
"sem_covid","famidas","core","sa","principal","vespera",28,0.861681261784045,0.457281716712651,-1.88426058463421,0.0703392962159259,1.36009777004298,0.18504792925455
"sem_covid","famidas","core","sa","trimestre","m1",28,2.55748372348314,0.669491532980247,-1.23840305811783,0.2262263103145,1.47234781920349,0.152488931805804
"sem_covid","famidas","core","sa","trimestre","m2",28,1.67303123058526,0.442564486681562,-1.29733564993877,0.205491837374583,1.09946387390868,0.281272848189816
"sem_covid","famidas","core","sa","trimestre","m3",28,1.17645642496025,0.624328318953603,-1.48350520852356,0.149520721299497,1.01467536855377,0.319267535218252
"sem_covid","famidas","core","sa","trimestre","vespera",28,0.680142446812829,0.360941707196669,-2.01750678872852,0.0536832207907728,0.131656321599633,0.896232307632216
"sem_covid","famidas","estendido","nsa","1","m1",28,4.81333721718251,1.26002307764194,0.823318434767755,0.417540036910842,1.09031135146386,0.285211335222451
"sem_covid","famidas","estendido","nsa","1","m2",28,4.40107201219525,1.16420909563321,0.736458627795138,0.467802675469085,1.12731368193929,0.269528956623719
"sem_covid","famidas","estendido","nsa","1","m3",28,1.1311846458771,0.600303244049549,-1.44106355101613,0.161064514606542,0.644129028707789,0.524926460805017
"sem_covid","famidas","estendido","nsa","1","vespera",28,4.00978378855352,2.12793395400056,0.810865283777819,0.42453332584503,1.01785023162537,0.317783620635002
"sem_covid","famidas","estendido","sa","principal","m1",28,4.1773369258151,1.09353255176538,0.562435796676768,0.578459424066572,1.10584540544124,0.278549932294513
"sem_covid","famidas","estendido","sa","principal","m2",28,3.44597375138505,0.911558359772136,-1.13267330682928,0.267310223699917,1.21392681189139,0.235287661083894
"sem_covid","famidas","estendido","sa","principal","m3",28,2.0071335147513,1.06515657239277,0.2635274877586,0.794144870895586,1.3738246733873,0.180795553975995
"sem_covid","famidas","estendido","sa","principal","vespera",28,4.37536593427729,2.32194308314181,0.851797784437715,0.401818603464558,1.02622896408312,0.313890400104971
"sem_covid","famidas","estendido","sa","trimestre","m1",28,4.1773369258151,1.09353255176538,0.562435796676768,0.578459424066572,1.10584540544124,0.278549932294513
"sem_covid","famidas","estendido","sa","trimestre","m2",28,3.57832447412529,0.946568901476714,-0.56082085495786,0.579544493374035,1.29796183373167,0.205279619918074
"sem_covid","famidas","estendido","sa","trimestre","m3",28,2.0071335147513,1.06515657239277,0.2635274877586,0.794144870895586,1.3738246733873,0.180795553975995
"sem_covid","famidas","estendido","sa","trimestre","vespera",28,1.71489454983701,0.910069602891252,-0.259966066651523,0.79686215047948,1.37384090497702,0.180790571426311
"sem_covid","focus","nenhum","nsa","principal","m1",28,1.55382417324413,0.406756108817063,-1.37223867097546,0.18128292269464,NA,NA
"sem_covid","focus","nenhum","nsa","principal","m2",28,1.34641228341726,0.356164457769183,-1.39100880395658,0.175580659794665,NA,NA
"sem_covid","focus","nenhum","nsa","principal","m3",28,1.02406782436074,0.543457904358178,-1.80774664853769,0.0817998979942484,NA,NA
"sem_covid","focus","nenhum","nsa","principal","vespera",28,0.66369770359229,0.352214721077443,-2.0742596819405,0.047715700931249,NA,NA
"sem_covid","lasso","core","nsa","1","m1",28,1.80424509655879,0.472310656164065,-1.2674486319555,0.215817613464451,0.936711288736356,0.35721072489162
"sem_covid","lasso","core","nsa","1","m2",28,1.63926994134306,0.433633662576171,-1.27048354710937,0.21475138404592,1.09011772238263,0.28529508060654
"sem_covid","lasso","core","nsa","1","m3",28,1.24089197949003,0.658523330844316,-1.25952911557221,0.218618863527214,1.18772002217073,0.245287562609166
"sem_covid","lasso","core","nsa","1","vespera",28,0.93166606433786,0.494421633843198,-1.72190860237369,0.0965253986461366,1.76918135633999,0.0881597550473166
"sem_covid","lasso","core","sa","esperar","m1",28,2.7988837806719,0.732684621117956,-0.724821309363897,0.474796753651544,1.30043243026424,0.204443961234708
"sem_covid","lasso","core","sa","esperar","m2",28,2.2893698959629,0.605603645830689,-0.993837071769617,0.329126032892066,1.44698238696107,0.159413160593924
"sem_covid","lasso","core","sa","esperar","m3",28,1.5317907795667,0.812899094352616,-0.796028615827223,0.432958897494123,1.44349651870109,0.160384072216491
"sem_covid","lasso","core","sa","esperar","vespera",28,1.39295261592362,0.739219699625508,-0.999225728590336,0.32655691211861,2.3581355466797,0.0258644304714064
"sem_covid","lasso","core","sa","principal","m1",28,1.85307654614619,0.485093627856801,-1.3802660710043,0.178826708606279,1.04961958434478,0.303197790085784
"sem_covid","lasso","core","sa","principal","m2",28,1.70468287353146,0.450937249160246,-1.35172698303305,0.18767918370614,1.33137083438452,0.194199544685161
"sem_covid","lasso","core","sa","principal","m3",28,1.02222154527276,0.542478110891238,-1.72308849490727,0.096308703627399,-0.011624772226598,0.990810454282228
"sem_covid","lasso","core","sa","principal","vespera",28,0.768055775082906,0.407596032242604,-1.95618105591263,0.0608621818282578,0.745430577462312,0.462451894659358
"sem_covid","lasso","core","sa","trimestre","m1",28,1.85307654614619,0.485093627856801,-1.3802660710043,0.178826708606279,1.04961958434478,0.303197790085784
"sem_covid","lasso","core","sa","trimestre","m2",28,1.72176538130826,0.45545605977613,-1.34326645274631,0.190368195445275,1.35053358835744,0.188056677201363
"sem_covid","lasso","core","sa","trimestre","m3",28,1.02222154527276,0.542478110891238,-1.72308849490727,0.096308703627399,-0.011624772226598,0.990810454282228
"sem_covid","lasso","core","sa","trimestre","vespera",28,0.877019350217544,0.465421417227246,-1.87309762103699,0.0719195770508453,1.25152399401562,0.221478344233749
"sem_covid","lasso","estendido","nsa","1","m1",28,2.49331022039958,0.652692357852902,-1.44057081215645,0.16120260186149,1.10725083569214,0.277952807392946
"sem_covid","lasso","estendido","nsa","1","m2",28,2.38735645413618,0.631523885708389,-1.48152859973805,0.150043141171933,1.14787799695255,0.26108818985685
"sem_covid","lasso","estendido","nsa","1","m3",28,1.41393350715447,0.750353953537843,-0.924776652642669,0.363274101447002,1.47761165868066,0.151082736109229
"sem_covid","lasso","estendido","nsa","1","vespera",28,1.11518997780577,0.591815106267883,-1.45268188688908,0.157835813127948,2.81232665410385,0.0090539646031964
"sem_covid","lasso","estendido","sa","esperar","m1",28,2.62063638731124,0.686023475424236,-1.16208767964629,0.2553695731348,1.67624037981017,0.105234448521868
"sem_covid","lasso","estendido","sa","esperar","m2",28,2.6427094557712,0.699072039039432,-1.21176469023709,0.236100970148797,1.6178113595965,0.117327997725867
"sem_covid","lasso","estendido","sa","esperar","m3",28,1.48616271490035,0.788684943869982,-1.09109873691018,0.284870968616817,1.61602465925456,0.117715271611828
"sem_covid","lasso","estendido","sa","esperar","vespera",28,1.32170491255975,0.701409579397745,-1.23038066114624,0.229166871834049,2.23987784326188,0.0335311061409081
"sem_covid","lasso","estendido","sa","principal","m1",28,1.87099309979502,0.489783777341599,-1.44109710345925,0.161055115158609,0.83011542473326,0.413753488799376
"sem_covid","lasso","estendido","sa","principal","m2",28,2.14329581347247,0.566962883988938,-1.14258136668242,0.26324355577697,1.16113640012573,0.255749516362559
"sem_covid","lasso","estendido","sa","principal","m3",28,0.990925779934831,0.525869903269391,-1.65808655845038,0.1088749434343,-0.212628260499415,0.83321410001327
"sem_covid","lasso","estendido","sa","principal","vespera",28,1.6686228540951,0.885513886755265,-0.468783825640349,0.642987200853994,1.1999463457197,0.240583726350717
"sem_covid","lasso","estendido","sa","trimestre","m1",28,1.87099309979502,0.489783777341599,-1.44109710345925,0.161055115158609,0.83011542473326,0.413753488799376
"sem_covid","lasso","estendido","sa","trimestre","m2",28,1.57316495628488,0.416147008265999,-1.42080891852071,0.166818989483495,0.748644762466365,0.460543794866764
"sem_covid","lasso","estendido","sa","trimestre","m3",28,0.990925779934831,0.525869903269391,-1.65808655845038,0.1088749434343,-0.212628260499415,0.83321410001327
"sem_covid","lasso","estendido","sa","trimestre","vespera",28,1.01757207360695,0.540010703881892,-1.63821169907215,0.112980597970874,3.0598142890152,0.00495951447309688
"sem_covid","mfbvar","core","sa","principal","m1",28,1.59162035032507,0.416650295162166,-1.35612485511405,0.186293151401484,0.142604975015357,0.887661039836934
"sem_covid","mfbvar","core","sa","principal","m2",28,1.36616634746406,0.361389971229377,-1.35617543638755,0.186277256814808,0.0755826230317286,0.940308420069512
"sem_covid","mfbvar","core","sa","principal","m3",28,1.06930045880363,0.56746220577081,-1.50763439751838,0.143260851993066,0.178409868995938,0.859733025082812
"sem_covid","mfbvar","core","sa","principal","vespera",28,0.920863464319137,0.488688851083951,-1.74306616056049,0.0927016529368643,1.08582882508585,0.287154550347739
"sem_covid","mfbvar","core","sa","trimestre","m1",28,1.59162035032507,0.416650295162166,-1.35612485511405,0.186293151401484,0.142604975015357,0.887661039836934
"sem_covid","mfbvar","core","sa","trimestre","m2",28,1.3626245416389,0.360453062552311,-1.35732396645151,0.18591662921808,0.0623328440616642,0.950756930250655
"sem_covid","mfbvar","core","sa","trimestre","m3",28,1.06930045880363,0.56746220577081,-1.50763439751838,0.143260851993066,0.178409868995938,0.859733025082812
"sem_covid","mfbvar","core","sa","trimestre","vespera",28,0.927552431942983,0.492238588943789,-1.73349518240615,0.0944151927987133,1.12210017564614,0.271699977641012
"sem_covid","rf","core","nsa","2","m1",28,3.06680795470371,0.80282112456781,-0.870214790241647,0.391854277453074,1.97750004147468,0.0582764128399752
"sem_covid","rf","core","nsa","2","m2",28,2.89137258701419,0.764850530811333,-1.01040358335455,0.321271693101511,1.84659227222725,0.0757952799163121
"sem_covid","rf","core","nsa","2","m3",28,1.85067032678567,0.982123833526984,-0.0686967878955883,0.945737217850323,3.14832048738263,0.00398194744629115
"sem_covid","rf","core","nsa","2","vespera",28,1.81371807545689,0.962513811035563,-0.142605691962755,0.887660479009527,4.28418705429914,0.000207901253576531
"sem_covid","rf","core","nsa","3","m1",28,2.5995391061911,0.680500683255845,-1.46957714842165,0.153233311342526,1.13142202463736,0.267827028674436
"sem_covid","rf","core","nsa","3","m2",28,2.48950280397302,0.658544509146555,-1.56947777785269,0.128183225429992,1.08671199687389,0.286770942607959
"sem_covid","rf","core","nsa","3","m3",28,1.15257188627708,0.611653141557591,-1.37933401335979,0.179110550098544,0.605454002130399,0.549933246027778
"sem_covid","rf","core","nsa","3","vespera",28,1.21573019059337,0.645170335331327,-1.2719224733753,0.21424726264489,3.62478103908019,0.00118346475880121
"sem_covid","rf","core","sa","esperar","m1",28,2.50886798941983,0.656765030744419,-1.48581171246909,0.148912964091316,1.14325246597459,0.262969748785103
"sem_covid","rf","core","sa","esperar","m2",28,2.46324235244539,0.651597870591406,-1.45654969599559,0.156772519476405,1.2381713828939,0.226310828899366
"sem_covid","rf","core","sa","esperar","m3",28,1.15744932808956,0.61424152900907,-1.4914520727468,0.147435134987415,0.767001105494208,0.449736069589958
"sem_covid","rf","core","sa","esperar","vespera",28,1.10078033983096,0.584168120911966,-1.58998727812697,0.123480099144298,2.73820396306179,0.0108015451122241
"sem_covid","rf","core","sa","principal","m1",28,2.66916654559128,0.698727575850896,-1.47409845083572,0.152020100373458,1.19827466455395,0.241222883804645
"sem_covid","rf","core","sa","principal","m2",28,2.54703722355969,0.673764004398888,-1.46580327486695,0.154251907644113,1.24593540082004,0.223491345090008
"sem_covid","rf","core","sa","principal","m3",28,1.12582431278344,0.597458593216427,-1.67314896473593,0.105847085805917,0.592633490327701,0.558357771632868
"sem_covid","rf","core","sa","principal","vespera",28,1.08650121999084,0.576590399632388,-1.60932943435951,0.119175919444414,2.61157159041491,0.0145379031540225
"sem_covid","rf","core","sa","trimestre","m1",28,2.66916654559128,0.698727575850896,-1.47409845083572,0.152020100373458,1.19827466455395,0.241222883804645
"sem_covid","rf","core","sa","trimestre","m2",28,2.52911027170345,0.669021814234722,-1.48634161631547,0.148773617676287,1.22294400723567,0.231918310458066
"sem_covid","rf","core","sa","trimestre","m3",28,1.12582431278344,0.597458593216427,-1.67314896473593,0.105847085805917,0.592633490327701,0.558357771632868
"sem_covid","rf","core","sa","trimestre","vespera",28,1.10933910409264,0.588710132660504,-1.68276321482302,0.103951541674843,2.76960728481629,0.010025626493954
"sem_covid","rf","estendido","nsa","2","m1",28,3.73243183227412,0.977066436900021,-0.161576489288895,0.872842398410096,2.00525100516562,0.0550552110065527
"sem_covid","rf","estendido","nsa","2","m2",28,3.47189869814092,0.918416247744283,-0.490597021319788,0.627675086529568,2.00082450682087,0.0555582774953344
"sem_covid","rf","estendido","nsa","2","m3",28,2.05540002474403,1.0907709074469,0.35342242299809,0.726516469765999,3.58284929425667,0.00131923765081174
"sem_covid","rf","estendido","nsa","2","vespera",28,1.97998938662304,1.05075157827295,0.196321316639931,0.845828879759853,4.5644623035238,0.0000981593806627954
"sem_covid","rf","estendido","nsa","3","m1",28,3.01832136314409,0.790128428925537,-1.31575360008947,0.199319969462062,1.30928064415399,0.201472561602103
"sem_covid","rf","estendido","nsa","3","m2",28,2.81458742640879,0.744538665397914,-1.43357956717222,0.163172050294704,1.26074561307738,0.218186785390364
"sem_covid","rf","estendido","nsa","3","m3",28,1.27756052970544,0.677982797279908,-1.19248022957371,0.243448125671044,1.30731699447787,0.202129104742743
"sem_covid","rf","estendido","nsa","3","vespera",28,1.29160544258307,0.685436228329882,-1.19154964903287,0.243806912851813,4.55774577607297,0.0000999446577334347
"sem_covid","rf","estendido","sa","esperar","m1",28,2.72120837232235,0.712350951842445,-1.54796788211906,0.133272759035691,1.14684960239326,0.26150566467972
"sem_covid","rf","estendido","sa","esperar","m2",28,2.67760420942477,0.708302696815718,-1.52394058735557,0.13915200395323,1.21613974065449,0.2344574111913
"sem_covid","rf","estendido","sa","esperar","m3",28,1.18373054613556,0.62818858929502,-1.50651200344643,0.143547253950893,0.961443932508325,0.344860902692644
"sem_covid","rf","estendido","sa","esperar","vespera",28,1.18847978398986,0.630708940769992,-1.56120475566287,0.130121537258664,3.02209138014337,0.00544243412572761
"sem_covid","rf","estendido","sa","principal","m1",28,3.09621283301755,0.8105186582329,-1.64332020283021,0.11191318747437,1.20311020835768,0.239377493190114
"sem_covid","rf","estendido","sa","principal","m2",28,2.87896387301671,0.761568071978361,-1.58927415645285,0.123641208522354,1.22412742620387,0.23147881487027
"sem_covid","rf","estendido","sa","principal","m3",28,1.20824013408545,0.641195471248611,-1.63765396761836,0.11309764611927,1.24117301482164,0.225217630715294
"sem_covid","rf","estendido","sa","principal","vespera",28,1.11066716982508,0.589414917834527,-1.68564713945536,0.103388530861134,3.24334429341882,0.00313870640037209
"sem_covid","rf","estendido","sa","trimestre","m1",28,3.09621283301755,0.8105186582329,-1.64332020283021,0.11191318747437,1.20311020835768,0.239377493190114
"sem_covid","rf","estendido","sa","trimestre","m2",28,2.89153228939896,0.764892776647899,-1.57212039132344,0.127569097589,1.23842116857112,0.226219704353082
"sem_covid","rf","estendido","sa","trimestre","m3",28,1.20824013408545,0.641195471248611,-1.63765396761836,0.11309764611927,1.24117301482164,0.225217630715294
"sem_covid","rf","estendido","sa","trimestre","vespera",28,1.17920294874466,0.625785859191308,-1.62997166143773,0.114720182624106,3.32601168432019,0.00254727234653438
"sem_covid","ridge","core","nsa","1","m1",28,2.67997065155807,0.701555847014371,-1.08025170328608,0.289585435833387,1.99719411146076,0.0559738820953334
"sem_covid","ridge","core","nsa","1","m2",28,2.41820024588636,0.639682948500334,-1.23202309619272,0.228562519167418,1.79104043248182,0.0845050692778593
"sem_covid","ridge","core","nsa","1","m3",28,1.39296212643196,0.739224746713999,-1.11125219495165,0.2762577935915,2.21519526266475,0.0353700922420157
"sem_covid","ridge","core","nsa","1","vespera",28,1.34031848866815,0.711287533595556,-1.1624999773697,0.255205029271377,4.2350658943415,0.000237016714489381
"sem_covid","ridge","core","sa","esperar","m1",28,2.54191736316329,0.665416611080347,-1.4583709250305,0.156273838304687,1.18973028651177,0.244509504711439
"sem_covid","ridge","core","sa","esperar","m2",28,2.45212594426393,0.648657263512094,-1.48234342597024,0.149827603840576,1.21464085345744,0.235019526032028
"sem_covid","ridge","core","sa","esperar","m3",28,1.15325005075456,0.612013033585225,-1.59426296883398,0.122517756169624,0.817740872587522,0.420663311821636
"sem_covid","ridge","core","sa","esperar","vespera",28,1.11145188441099,0.589831354455456,-1.61739844431259,0.117417404666178,3.49185443386787,0.00166805098157298
"sem_covid","ridge","core","sa","principal","m1",28,2.48389157531546,0.650226769087639,-1.46308571818823,0.154988756296049,1.17068718511733,0.25195370752314
"sem_covid","ridge","core","sa","principal","m2",28,2.30482275934189,0.609691369014848,-1.48098437228627,0.15018723894793,1.17849483568824,0.248881632623156
"sem_covid","ridge","core","sa","principal","m3",28,1.09565007110485,0.581445561893547,-1.73893941069187,0.0934372257720806,0.473188776673369,0.639881846071684
"sem_covid","ridge","core","sa","principal","vespera",28,0.989815711272051,0.525280805970543,-1.79724910142215,0.0834909242223288,2.95173877193195,0.00646514526513569
"sem_covid","ridge","core","sa","trimestre","m1",28,2.48389157531546,0.650226769087639,-1.46308571818823,0.154988756296049,1.17068718511733,0.25195370752314
"sem_covid","ridge","core","sa","trimestre","m2",28,2.30903830502463,0.610806501103873,-1.4781880475484,0.150929394001484,1.18575595454026,0.246049510717397
"sem_covid","ridge","core","sa","trimestre","m3",28,1.09565007110485,0.581445561893547,-1.73893941069187,0.0934372257720806,0.473188776673369,0.639881846071684
"sem_covid","ridge","core","sa","trimestre","vespera",28,1.04887515200962,0.556622792440862,-1.77485226001688,0.0871989139040145,2.98340864823804,0.0059839911779329
"sem_covid","ridge","estendido","nsa","1","m1",28,2.46109004018321,0.644257841672845,-1.18548180694315,0.246156003853473,1.89860834007433,0.0683524123888976
"sem_covid","ridge","estendido","nsa","1","m2",28,2.26233658304212,0.598452563389808,-1.30911569941776,0.20152764734109,1.60470027614959,0.120194575320552
"sem_covid","ridge","estendido","nsa","1","m3",28,1.2390348612499,0.65753778519693,-1.39327520007354,0.174901805300388,1.35601718958128,0.186326987588558
"sem_covid","ridge","estendido","nsa","1","vespera",28,1.17215830401269,0.622047368661761,-1.3997998911444,0.172959012018741,3.83460979803046,0.000684380902976215
"sem_covid","ridge","estendido","sa","esperar","m1",28,2.51076498056856,0.657261620224364,-1.46358842157035,0.154852238966504,1.17209365763189,0.251398249743681
"sem_covid","ridge","estendido","sa","esperar","m2",28,2.53631466062353,0.670927580622093,-1.43334773432725,0.163237684942521,1.30078239697851,0.204325799531587
"sem_covid","ridge","estendido","sa","esperar","m3",28,1.1941627238371,0.633724794316508,-1.52292946304321,0.139403971342729,1.09555960685713,0.282948128371787
"sem_covid","ridge","estendido","sa","esperar","vespera",28,1.25744134678263,0.667305839437341,-1.45672036163,0.156725734489931,3.02016082927591,0.00546831704654745
"sem_covid","ridge","estendido","sa","principal","m1",28,2.48162227407518,0.649632717226352,-1.40235446015181,0.172203020457274,1.28086323074871,0.211135092813601
"sem_covid","ridge","estendido","sa","principal","m2",28,1.67965407131603,0.444316416983163,-1.33060207014327,0.194449191071624,1.88314053254031,0.0704964867961677
"sem_covid","ridge","estendido","sa","principal","m3",28,1.09309836844364,0.58009141039321,-1.67143665469955,0.106187704495361,0.576284769647452,0.569196038178957
"sem_covid","ridge","estendido","sa","principal","vespera",28,1.10364340496222,0.585687507947925,-1.72708529711063,0.0955777171301817,2.31234794247899,0.0286202983009723
"sem_covid","ridge","estendido","sa","trimestre","m1",28,2.48162227407518,0.649632717226352,-1.40235446015181,0.172203020457274,1.28086323074871,0.211135092813601
"sem_covid","ridge","estendido","sa","trimestre","m2",28,1.68912262911495,0.44682112062843,-1.32712094995555,0.195582754499903,1.94459151316426,0.0623095659007016
"sem_covid","ridge","estendido","sa","trimestre","m3",28,1.09309836844364,0.58009141039321,-1.67143665469955,0.106187704495361,0.576284769647452,0.569196038178957
"sem_covid","ridge","estendido","sa","trimestre","vespera",28,1.14577643064896,0.608046892062229,-1.72976742059899,0.0950898108919963,2.48203427455442,0.0195787595619772
"sem_covid","sarima","core","nsa","1","m1",28,2.92721449413164,0.766278706309472,-1.07560782975443,0.291620689500457,1.72087109577645,0.0967162837674056
"sem_covid","sarima","core","nsa","1","m2",28,2.8627776948965,0.757286366126042,-1.08971213533498,0.285470555610969,1.76172620572167,0.0894366107260866
"sem_covid","sarima","core","nsa","1","m3",28,1.93463743938751,1.02668395929608,0.171582037193649,0.865045654165354,1.58304662233194,0.125055517101993
"sem_covid","sarima","core","nsa","1","vespera",28,1.93463743938751,1.02668395929608,0.171582037193649,0.865045654165354,1.90168567118752,0.0679326635723373
"sem_covid","sarima","core","sa","principal","m1",28,3.82003893626329,1,NA,NA,1.37223867097546,0.18128292269464
"sem_covid","sarima","core","sa","principal","m2",28,3.78031062349804,1,NA,NA,1.39100880395658,0.175580659794665
"sem_covid","sarima","core","sa","principal","m3",28,1.88435537720287,1,NA,NA,1.80774664853769,0.0817998979942484
"sem_covid","sarima","core","sa","principal","vespera",28,1.88435537720287,1,NA,NA,2.0742596819405,0.047715700931249
