"modelo","painel","trilha","trimestre","timing","data","mes","dlog_mm_sa"
"dfm_4a","core","sa","2019Q1","vespera",2019-05-29,2019-01-01,0.0428209137968613
"dfm_4a","core","sa","2019Q1","vespera",2019-05-29,2019-02-01,1.13690916787892
"dfm_4a","core","sa","2019Q1","vespera",2019-05-29,2019-03-01,-3.01472288899691
"dfm_4a","core","sa","2019Q2","vespera",2019-08-28,2019-04-01,1.91663339883358
"dfm_4a","core","sa","2019Q2","vespera",2019-08-28,2019-05-01,0.132231481266003
"dfm_4a","core","sa","2019Q2","vespera",2019-08-28,2019-06-01,-0.299928450891383
"dfm_4a","core","sa","2019Q3","vespera",2019-12-02,2019-07-01,0.435273807419079
"dfm_4a","core","sa","2019Q3","vespera",2019-12-02,2019-08-01,0.243745770558473
"dfm_4a","core","sa","2019Q3","vespera",2019-12-02,2019-09-01,0.349204925813876
"dfm_4a","core","sa","2019Q4","vespera",2020-03-03,2019-10-01,0.768787074319892
"dfm_4a","core","sa","2019Q4","vespera",2020-03-03,2019-11-01,-0.151218583208822
"dfm_4a","core","sa","2019Q4","vespera",2020-03-03,2019-12-01,-0.591104512927866
"dfm_4a","core","sa","2020Q1","vespera",2020-05-28,2020-01-01,0.015485695839189
"dfm_4a","core","sa","2020Q1","vespera",2020-05-28,2020-02-01,0.376631374587129
"dfm_4a","core","sa","2020Q1","vespera",2020-05-28,2020-03-01,-3.19833607416228
"dfm_4a","core","sa","2020Q2","vespera",2020-08-31,2020-04-01,-6.72208560998306
"dfm_4a","core","sa","2020Q2","vespera",2020-08-31,2020-05-01,1.31829332505407
"dfm_4a","core","sa","2020Q2","vespera",2020-08-31,2020-06-01,2.46055364098651
"dfm_4a","core","sa","2020Q3","vespera",2020-12-02,2020-07-01,2.51913315587508
"dfm_4a","core","sa","2020Q3","vespera",2020-12-02,2020-08-01,1.55599439748318
"dfm_4a","core","sa","2020Q3","vespera",2020-12-02,2020-09-01,1.11294679335394
"dfm_4a","core","sa","2020Q4","vespera",2021-03-02,2020-10-01,0.82633184852744
"dfm_4a","core","sa","2020Q4","vespera",2021-03-02,2020-11-01,0.721567298237655
"dfm_4a","core","sa","2020Q4","vespera",2021-03-02,2020-12-01,-0.249240879825901
"dfm_4a","core","sa","2021Q1","vespera",2021-05-31,2021-01-01,0.285659318195606
"dfm_4a","core","sa","2021Q1","vespera",2021-05-31,2021-02-01,0.289557551467239
"dfm_4a","core","sa","2021Q1","vespera",2021-05-31,2021-03-01,-0.251634966696089
"dfm_4a","core","sa","2021Q2","vespera",2021-08-31,2021-04-01,-0.107261272303153
"dfm_4a","core","sa","2021Q2","vespera",2021-08-31,2021-05-01,1.14102644003489
"dfm_4a","core","sa","2021Q2","vespera",2021-08-31,2021-06-01,0.547722028665059
"dfm_4a","core","sa","2021Q3","vespera",2021-12-01,2021-07-01,0.237859500209962
"dfm_4a","core","sa","2021Q3","vespera",2021-12-01,2021-08-01,-0.181225170270932
"dfm_4a","core","sa","2021Q3","vespera",2021-12-01,2021-09-01,-0.265999352244861
"dfm_4a","core","sa","2021Q4","vespera",2022-03-03,2021-10-01,-0.123836129451203
"dfm_4a","core","sa","2021Q4","vespera",2022-03-03,2021-11-01,0.514013417436211
"dfm_4a","core","sa","2021Q4","vespera",2022-03-03,2021-12-01,0.744024662686049
"dfm_4a","core","sa","2022Q1","vespera",2022-06-01,2022-01-01,-0.0294583045093453
"dfm_4a","core","sa","2022Q1","vespera",2022-06-01,2022-02-01,0.70661982393608
"dfm_4a","core","sa","2022Q1","vespera",2022-06-01,2022-03-01,0.665194360354674
"dfm_4a","core","sa","2022Q2","vespera",2022-08-31,2022-04-01,0.249626223471095
"dfm_4a","core","sa","2022Q2","vespera",2022-08-31,2022-05-01,0.239821232633885
"dfm_4a","core","sa","2022Q2","vespera",2022-08-31,2022-06-01,0.156533312387969
"dfm_4a","core","sa","2022Q3","vespera",2022-11-30,2022-07-01,0.595899568312217
"dfm_4a","core","sa","2022Q3","vespera",2022-11-30,2022-08-01,0.109132650452769
"dfm_4a","core","sa","2022Q3","vespera",2022-11-30,2022-09-01,-0.181626524736359
"dfm_4a","core","sa","2022Q4","vespera",2023-03-01,2022-10-01,-0.112749273962455
"dfm_4a","core","sa","2022Q4","vespera",2023-03-01,2022-11-01,-0.244457226790097
"dfm_4a","core","sa","2022Q4","vespera",2023-03-01,2022-12-01,0.477258314974368
"dfm_4a","core","sa","2023Q1","vespera",2023-05-31,2023-01-01,0.00552084494106077
"dfm_4a","core","sa","2023Q1","vespera",2023-05-31,2023-02-01,0.173279288776849
"dfm_4a","core","sa","2023Q1","vespera",2023-05-31,2023-03-01,1.4093675544304
"dfm_4a","core","sa","2023Q2","vespera",2023-08-31,2023-04-01,-0.512429596310432
"dfm_4a","core","sa","2023Q2","vespera",2023-08-31,2023-05-01,-0.488811017644784
"dfm_4a","core","sa","2023Q2","vespera",2023-08-31,2023-06-01,0.370533036463843
"dfm_4a","core","sa","2023Q3","vespera",2023-12-04,2023-07-01,0.207209113538995
"dfm_4a","core","sa","2023Q3","vespera",2023-12-04,2023-08-01,-0.111950587921347
"dfm_4a","core","sa","2023Q3","vespera",2023-12-04,2023-09-01,0.072705929353539
"dfm_4a","core","sa","2023Q4","vespera",2024-02-29,2023-10-01,0.0946277777088005
"dfm_4a","core","sa","2023Q4","vespera",2024-02-29,2023-11-01,0.330313972082435
"dfm_4a","core","sa","2023Q4","vespera",2024-02-29,2023-12-01,0.523148675569383
"dfm_4a","core","sa","2024Q1","vespera",2024-06-03,2024-01-01,0.212786884906747
"dfm_4a","core","sa","2024Q1","vespera",2024-06-03,2024-02-01,0.1989849876788
"dfm_4a","core","sa","2024Q1","vespera",2024-06-03,2024-03-01,0.643141011145292
"dfm_4a","core","sa","2024Q2","vespera",2024-09-02,2024-04-01,0.094603623421553
"dfm_4a","core","sa","2024Q2","vespera",2024-09-02,2024-05-01,-0.529296747403759
"dfm_4a","core","sa","2024Q2","vespera",2024-09-02,2024-06-01,1.46244720710672
"dfm_4a","core","sa","2024Q3","vespera",2024-12-02,2024-07-01,-0.131126786669345
"dfm_4a","core","sa","2024Q3","vespera",2024-12-02,2024-08-01,0.108446130058087
"dfm_4a","core","sa","2024Q3","vespera",2024-12-02,2024-09-01,0.495755072728984
"dfm_4a","core","sa","2024Q4","vespera",2025-03-06,2024-10-01,0.325451100506444
"dfm_4a","core","sa","2024Q4","vespera",2025-03-06,2024-11-01,-0.266310738606027
"dfm_4a","core","sa","2024Q4","vespera",2025-03-06,2024-12-01,-0.551943144197323
"dfm_4a","core","sa","2025Q1","vespera",2025-05-29,2025-01-01,0.618517175745297
"dfm_4a","core","sa","2025Q1","vespera",2025-05-29,2025-02-01,1.04071834196383
"dfm_4a","core","sa","2025Q1","vespera",2025-05-29,2025-03-01,-0.460509438776568
"dfm_4a","core","sa","2025Q2","vespera",2025-09-01,2025-04-01,0.294764539611549
"dfm_4a","core","sa","2025Q2","vespera",2025-09-01,2025-05-01,0.0240730892754817
"dfm_4a","core","sa","2025Q2","vespera",2025-09-01,2025-06-01,-0.0766418339392105
"dfm_4a","core","sa","2025Q3","vespera",2025-12-03,2025-07-01,0.0725067283731695
"dfm_4a","core","sa","2025Q3","vespera",2025-12-03,2025-08-01,0.115796038192982
"dfm_4a","core","sa","2025Q3","vespera",2025-12-03,2025-09-01,0.343927775288113
"dfm_4a","core","sa","2025Q4","vespera",2026-03-02,2025-10-01,0.143934476724971
"dfm_4a","core","sa","2025Q4","vespera",2026-03-02,2025-11-01,0.212973264448159
"dfm_4a","core","sa","2025Q4","vespera",2026-03-02,2025-12-01,-0.395360722828546
"dfm_4a","core","sa","2026Q1","vespera",2026-05-28,2026-01-01,0.596720895122425
"dfm_4a","core","sa","2026Q1","vespera",2026-05-28,2026-02-01,0.162219731023905
"dfm_4a","core","sa","2026Q1","vespera",2026-05-28,2026-03-01,0.922332007009457
"dfm_4a","core","sa","2026Q2","vespera",2026-08-31,2026-04-01,-0.246687784065502
"dfm_4a","core","sa","2026Q2","vespera",2026-08-31,2026-05-01,0.0281086581873372
"dfm_4a","core","sa","2026Q2","vespera",2026-08-31,2026-06-01,-0.210034893532738
"dfm_4a","core","sa","2026Q3","vespera",2026-12-01,2026-07-01,-0.218986519846708
"dfm_4a","core","sa","2026Q3","vespera",2026-12-01,2026-08-01,-0.374851011587676
"dfm_4a","core","sa","2026Q3","vespera",2026-12-01,2026-09-01,0.281021496489556
"dfm_4b","core","sa","2019Q1","vespera",2019-05-29,2019-01-01,0.09431876824171
"dfm_4b","core","sa","2019Q1","vespera",2019-05-29,2019-02-01,0.872424826544647
"dfm_4b","core","sa","2019Q1","vespera",2019-05-29,2019-03-01,-2.72888280352889
"dfm_4b","core","sa","2019Q2","vespera",2019-08-28,2019-04-01,1.92025941911212
"dfm_4b","core","sa","2019Q2","vespera",2019-08-28,2019-05-01,0.000659373759136012
"dfm_4b","core","sa","2019Q2","vespera",2019-08-28,2019-06-01,-0.301639007269571
"dfm_4b","core","sa","2019Q3","vespera",2019-12-02,2019-07-01,0.334349923278959
"dfm_4b","core","sa","2019Q3","vespera",2019-12-02,2019-08-01,0.320640938382407
"dfm_4b","core","sa","2019Q3","vespera",2019-12-02,2019-09-01,0.192202119238245
"dfm_4b","core","sa","2019Q4","vespera",2020-03-03,2019-10-01,0.789545874425394
"dfm_4b","core","sa","2019Q4","vespera",2020-03-03,2019-11-01,-0.22590674031447
"dfm_4b","core","sa","2019Q4","vespera",2020-03-03,2019-12-01,-0.542111798846258
"dfm_4b","core","sa","2020Q1","vespera",2020-05-28,2020-01-01,0.0809694042701282
"dfm_4b","core","sa","2020Q1","vespera",2020-05-28,2020-02-01,-0.033222704277276
"dfm_4b","core","sa","2020Q1","vespera",2020-05-28,2020-03-01,-3.9124347647437
"dfm_4b","core","sa","2020Q2","vespera",2020-08-31,2020-04-01,-8.74938907756838
"dfm_4b","core","sa","2020Q2","vespera",2020-08-31,2020-05-01,1.97419856505986
"dfm_4b","core","sa","2020Q2","vespera",2020-08-31,2020-06-01,2.94487204100623
"dfm_4b","core","sa","2020Q3","vespera",2020-12-02,2020-07-01,2.5793239051519
"dfm_4b","core","sa","2020Q3","vespera",2020-12-02,2020-08-01,1.39481036566628
"dfm_4b","core","sa","2020Q3","vespera",2020-12-02,2020-09-01,1.33161663496524
"dfm_4b","core","sa","2020Q4","vespera",2021-03-02,2020-10-01,0.737947544847821
"dfm_4b","core","sa","2020Q4","vespera",2021-03-02,2020-11-01,0.634267569545947
"dfm_4b","core","sa","2020Q4","vespera",2021-03-02,2020-12-01,0.434930312648846
"dfm_4b","core","sa","2021Q1","vespera",2021-05-31,2021-01-01,-0.107674378235176
"dfm_4b","core","sa","2021Q1","vespera",2021-05-31,2021-02-01,0.101375310067005
"dfm_4b","core","sa","2021Q1","vespera",2021-05-31,2021-03-01,-0.358553508469716
"dfm_4b","core","sa","2021Q2","vespera",2021-08-31,2021-04-01,0.384845942669917
"dfm_4b","core","sa","2021Q2","vespera",2021-08-31,2021-05-01,0.761117350378648
"dfm_4b","core","sa","2021Q2","vespera",2021-08-31,2021-06-01,0.265800643792646
"dfm_4b","core","sa","2021Q3","vespera",2021-12-01,2021-07-01,-0.016389983828156
"dfm_4b","core","sa","2021Q3","vespera",2021-12-01,2021-08-01,-0.0650015794173785
"dfm_4b","core","sa","2021Q3","vespera",2021-12-01,2021-09-01,-0.383247933057042
"dfm_4b","core","sa","2021Q4","vespera",2022-03-03,2021-10-01,-0.015262097392772
"dfm_4b","core","sa","2021Q4","vespera",2022-03-03,2021-11-01,0.397026643085108
"dfm_4b","core","sa","2021Q4","vespera",2022-03-03,2021-12-01,0.540861852012198
"dfm_4b","core","sa","2022Q1","vespera",2022-06-01,2022-01-01,0.227802259319693
"dfm_4b","core","sa","2022Q1","vespera",2022-06-01,2022-02-01,0.60709516066914
"dfm_4b","core","sa","2022Q1","vespera",2022-06-01,2022-03-01,0.574896704838249
"dfm_4b","core","sa","2022Q2","vespera",2022-08-31,2022-04-01,0.318935323008369
"dfm_4b","core","sa","2022Q2","vespera",2022-08-31,2022-05-01,0.0312323556075608
"dfm_4b","core","sa","2022Q2","vespera",2022-08-31,2022-06-01,0.229522360564556
"dfm_4b","core","sa","2022Q3","vespera",2022-11-30,2022-07-01,0.266857910647884
"dfm_4b","core","sa","2022Q3","vespera",2022-11-30,2022-08-01,0.0910464578128451
"dfm_4b","core","sa","2022Q3","vespera",2022-11-30,2022-09-01,-0.0325135055660894
"dfm_4b","core","sa","2022Q4","vespera",2023-03-01,2022-10-01,-0.0962048647091507
"dfm_4b","core","sa","2022Q4","vespera",2023-03-01,2022-11-01,-0.163197042944314
"dfm_4b","core","sa","2022Q4","vespera",2023-03-01,2022-12-01,0.227630414625788
"dfm_4b","core","sa","2023Q1","vespera",2023-05-31,2023-01-01,0.192039742725666
"dfm_4b","core","sa","2023Q1","vespera",2023-05-31,2023-02-01,0.141617287687288
"dfm_4b","core","sa","2023Q1","vespera",2023-05-31,2023-03-01,1.24798631638253
"dfm_4b","core","sa","2023Q2","vespera",2023-08-31,2023-04-01,-0.131720253020685
"dfm_4b","core","sa","2023Q2","vespera",2023-08-31,2023-05-01,-0.634820889249157
"dfm_4b","core","sa","2023Q2","vespera",2023-08-31,2023-06-01,0.334670382857501
"dfm_4b","core","sa","2023Q3","vespera",2023-12-04,2023-07-01,0.395862010579855
"dfm_4b","core","sa","2023Q3","vespera",2023-12-04,2023-08-01,-0.175954780385834
"dfm_4b","core","sa","2023Q3","vespera",2023-12-04,2023-09-01,0.125396179683055
"dfm_4b","core","sa","2023Q4","vespera",2024-02-29,2023-10-01,0.0716797379904068
"dfm_4b","core","sa","2023Q4","vespera",2024-02-29,2023-11-01,0.185965340809034
"dfm_4b","core","sa","2023Q4","vespera",2024-02-29,2023-12-01,0.395082186503979
"dfm_4b","core","sa","2024Q1","vespera",2024-06-03,2024-01-01,0.153573438723133
"dfm_4b","core","sa","2024Q1","vespera",2024-06-03,2024-02-01,0.232523140744881
"dfm_4b","core","sa","2024Q1","vespera",2024-06-03,2024-03-01,0.476331003623898
"dfm_4b","core","sa","2024Q2","vespera",2024-09-02,2024-04-01,0.148052188993745
"dfm_4b","core","sa","2024Q2","vespera",2024-09-02,2024-05-01,-0.164022910789691
"dfm_4b","core","sa","2024Q2","vespera",2024-09-02,2024-06-01,0.786320001177822
"dfm_4b","core","sa","2024Q3","vespera",2024-12-02,2024-07-01,0.170492220588797
"dfm_4b","core","sa","2024Q3","vespera",2024-12-02,2024-08-01,0.0827877206813326
"dfm_4b","core","sa","2024Q3","vespera",2024-12-02,2024-09-01,0.384751245645562
"dfm_4b","core","sa","2024Q4","vespera",2025-03-06,2024-10-01,0.208228704231019
"dfm_4b","core","sa","2024Q4","vespera",2025-03-06,2024-11-01,-0.116102027849863
"dfm_4b","core","sa","2024Q4","vespera",2025-03-06,2024-12-01,-0.489925318292355
"dfm_4b","core","sa","2025Q1","vespera",2025-05-29,2025-01-01,0.431793820196463
"dfm_4b","core","sa","2025Q1","vespera",2025-05-29,2025-02-01,0.793835464757269
"dfm_4b","core","sa","2025Q1","vespera",2025-05-29,2025-03-01,-0.239445324157044
"dfm_4b","core","sa","2025Q2","vespera",2025-09-01,2025-04-01,0.112045025778413
"dfm_4b","core","sa","2025Q2","vespera",2025-09-01,2025-05-01,0.0844526852030259
"dfm_4b","core","sa","2025Q2","vespera",2025-09-01,2025-06-01,-0.0736157014761466
"dfm_4b","core","sa","2025Q3","vespera",2025-12-03,2025-07-01,0.102118853584088
"dfm_4b","core","sa","2025Q3","vespera",2025-12-03,2025-08-01,0.108850513252748
"dfm_4b","core","sa","2025Q3","vespera",2025-12-03,2025-09-01,0.249072026894654
"dfm_4b","core","sa","2025Q4","vespera",2026-03-02,2025-10-01,0.224030926315004
"dfm_4b","core","sa","2025Q4","vespera",2026-03-02,2025-11-01,0.210542103532163
"dfm_4b","core","sa","2025Q4","vespera",2026-03-02,2025-12-01,-0.199915011613973
"dfm_4b","core","sa","2026Q1","vespera",2026-05-28,2026-01-01,0.363127864359014
"dfm_4b","core","sa","2026Q1","vespera",2026-05-28,2026-02-01,0.242447471717371
"dfm_4b","core","sa","2026Q1","vespera",2026-05-28,2026-03-01,0.851878905929278
"dfm_4b","core","sa","2026Q2","vespera",2026-08-31,2026-04-01,-0.139884397363092
"dfm_4b","core","sa","2026Q2","vespera",2026-08-31,2026-05-01,-0.0357751891112378
"dfm_4b","core","sa","2026Q2","vespera",2026-08-31,2026-06-01,-0.0534283957325136
"dfm_4b","core","sa","2026Q3","vespera",2026-12-01,2026-07-01,-0.117997627299742
"dfm_4b","core","sa","2026Q3","vespera",2026-12-01,2026-08-01,-0.264482305999556
"dfm_4b","core","sa","2026Q3","vespera",2026-12-01,2026-09-01,0.0755691032610227
"mfbvar","core","sa","2019Q1","vespera",2019-05-29,2019-01-01,-0.0521812592385001
"mfbvar","core","sa","2019Q1","vespera",2019-05-29,2019-02-01,1.0754872006553
"mfbvar","core","sa","2019Q1","vespera",2019-05-29,2019-03-01,-1.6488812458208
"mfbvar","core","sa","2019Q2","vespera",2019-08-28,2019-04-01,0.551544070185397
"mfbvar","core","sa","2019Q2","vespera",2019-08-28,2019-05-01,0.117327710405441
"mfbvar","core","sa","2019Q2","vespera",2019-08-28,2019-06-01,0.408888336950893
"mfbvar","core","sa","2019Q3","vespera",2019-12-02,2019-07-01,-0.0779405758929916
"mfbvar","core","sa","2019Q3","vespera",2019-12-02,2019-08-01,0.144835986065946
"mfbvar","core","sa","2019Q3","vespera",2019-12-02,2019-09-01,0.185822464694416
"mfbvar","core","sa","2019Q4","vespera",2020-03-03,2019-10-01,0.328418695703134
"mfbvar","core","sa","2019Q4","vespera",2020-03-03,2019-11-01,0.0576684482471257
"mfbvar","core","sa","2019Q4","vespera",2020-03-03,2019-12-01,-0.123168728597842
"mfbvar","core","sa","2020Q1","vespera",2020-05-28,2020-01-01,-0.0774418545336218
"mfbvar","core","sa","2020Q1","vespera",2020-05-28,2020-02-01,0.667319844435293
"mfbvar","core","sa","2020Q1","vespera",2020-05-28,2020-03-01,-1.2939276412695
"mfbvar","core","sa","2020Q2","vespera",2020-08-31,2020-04-01,-5.19628217023538
"mfbvar","core","sa","2020Q2","vespera",2020-08-31,2020-05-01,1.01468950751336
"mfbvar","core","sa","2020Q2","vespera",2020-08-31,2020-06-01,2.57584118327171
"mfbvar","core","sa","2020Q3","vespera",2020-12-02,2020-07-01,3.36807569963977
"mfbvar","core","sa","2020Q3","vespera",2020-12-02,2020-08-01,1.88138773978233
"mfbvar","core","sa","2020Q3","vespera",2020-12-02,2020-09-01,1.91504769916963
"mfbvar","core","sa","2020Q4","vespera",2021-03-02,2020-10-01,1.03726952318982
"mfbvar","core","sa","2020Q4","vespera",2021-03-02,2020-11-01,0.38713506238777
"mfbvar","core","sa","2020Q4","vespera",2021-03-02,2020-12-01,-0.648151116187043
"mfbvar","core","sa","2021Q1","vespera",2021-05-31,2021-01-01,-0.370812370035432
"mfbvar","core","sa","2021Q1","vespera",2021-05-31,2021-02-01,0.404188462809497
"mfbvar","core","sa","2021Q1","vespera",2021-05-31,2021-03-01,-0.38354859930934
"mfbvar","core","sa","2021Q2","vespera",2021-08-31,2021-04-01,0.297351602045
"mfbvar","core","sa","2021Q2","vespera",2021-08-31,2021-05-01,1.82868831078397
"mfbvar","core","sa","2021Q2","vespera",2021-08-31,2021-06-01,0.446110515603158
"mfbvar","core","sa","2021Q3","vespera",2021-12-01,2021-07-01,-0.113975746483666
"mfbvar","core","sa","2021Q3","vespera",2021-12-01,2021-08-01,0.0170615800355391
"mfbvar","core","sa","2021Q3","vespera",2021-12-01,2021-09-01,-0.13568964728633
"mfbvar","core","sa","2021Q4","vespera",2022-03-03,2021-10-01,-0.10811763512523
"mfbvar","core","sa","2021Q4","vespera",2022-03-03,2021-11-01,0.310414920596632
"mfbvar","core","sa","2021Q4","vespera",2022-03-03,2021-12-01,0.724170056757589
"mfbvar","core","sa","2022Q1","vespera",2022-06-01,2022-01-01,-0.0023490841936359
"mfbvar","core","sa","2022Q1","vespera",2022-06-01,2022-02-01,0.689468879977123
"mfbvar","core","sa","2022Q1","vespera",2022-06-01,2022-03-01,0.436467072821336
"mfbvar","core","sa","2022Q2","vespera",2022-08-31,2022-04-01,0.634975931577843
"mfbvar","core","sa","2022Q2","vespera",2022-08-31,2022-05-01,0.289730371782502
"mfbvar","core","sa","2022Q2","vespera",2022-08-31,2022-06-01,0.261178132292669
"mfbvar","core","sa","2022Q3","vespera",2022-11-30,2022-07-01,0.860374301096151
"mfbvar","core","sa","2022Q3","vespera",2022-11-30,2022-08-01,-0.632150609108757
"mfbvar","core","sa","2022Q3","vespera",2022-11-30,2022-09-01,0.0260941208318144
"mfbvar","core","sa","2022Q4","vespera",2023-03-01,2022-10-01,-0.214350401446105
"mfbvar","core","sa","2022Q4","vespera",2023-03-01,2022-11-01,-0.0377533005440457
"mfbvar","core","sa","2022Q4","vespera",2023-03-01,2022-12-01,0.595305817819458
"mfbvar","core","sa","2023Q1","vespera",2023-05-31,2023-01-01,0.162396789241759
"mfbvar","core","sa","2023Q1","vespera",2023-05-31,2023-02-01,0.975935737187508
"mfbvar","core","sa","2023Q1","vespera",2023-05-31,2023-03-01,2.16365911415518
"mfbvar","core","sa","2023Q2","vespera",2023-08-31,2023-04-01,-0.353352373629219
"mfbvar","core","sa","2023Q2","vespera",2023-08-31,2023-05-01,-0.770073531074983
"mfbvar","core","sa","2023Q2","vespera",2023-08-31,2023-06-01,-0.125766760120722
"mfbvar","core","sa","2023Q3","vespera",2023-12-04,2023-07-01,-0.305200531382152
"mfbvar","core","sa","2023Q3","vespera",2023-12-04,2023-08-01,0.498145772166082
"mfbvar","core","sa","2023Q3","vespera",2023-12-04,2023-09-01,-0.0330281100106481
"mfbvar","core","sa","2023Q4","vespera",2024-02-29,2023-10-01,0.138354191156087
"mfbvar","core","sa","2023Q4","vespera",2024-02-29,2023-11-01,0.316843845407628
"mfbvar","core","sa","2023Q4","vespera",2024-02-29,2023-12-01,0.438060505631277
"mfbvar","core","sa","2024Q1","vespera",2024-06-03,2024-01-01,0.520838070914411
"mfbvar","core","sa","2024Q1","vespera",2024-06-03,2024-02-01,-0.0228892711699239
"mfbvar","core","sa","2024Q1","vespera",2024-06-03,2024-03-01,0.872355606486212
"mfbvar","core","sa","2024Q2","vespera",2024-09-02,2024-04-01,-0.0158437931851819
"mfbvar","core","sa","2024Q2","vespera",2024-09-02,2024-05-01,-0.817465252306955
"mfbvar","core","sa","2024Q2","vespera",2024-09-02,2024-06-01,2.23500420650709
"mfbvar","core","sa","2024Q3","vespera",2024-12-02,2024-07-01,-0.527417203881378
"mfbvar","core","sa","2024Q3","vespera",2024-12-02,2024-08-01,0.193888828487039
"mfbvar","core","sa","2024Q3","vespera",2024-12-02,2024-09-01,0.747210426977335
"mfbvar","core","sa","2024Q4","vespera",2025-03-06,2024-10-01,0.228344294519054
"mfbvar","core","sa","2024Q4","vespera",2025-03-06,2024-11-01,-0.0922917429174564
"mfbvar","core","sa","2024Q4","vespera",2025-03-06,2024-12-01,-0.835853964874022
"mfbvar","core","sa","2025Q1","vespera",2025-05-29,2025-01-01,1.19130704423403
"mfbvar","core","sa","2025Q1","vespera",2025-05-29,2025-02-01,0.634966952067477
"mfbvar","core","sa","2025Q1","vespera",2025-05-29,2025-03-01,0.0144460341035048
"mfbvar","core","sa","2025Q2","vespera",2025-09-01,2025-04-01,0.00131520847530162
"mfbvar","core","sa","2025Q2","vespera",2025-09-01,2025-05-01,-0.23341221339123
"mfbvar","core","sa","2025Q2","vespera",2025-09-01,2025-06-01,0.196534822028575
"mfbvar","core","sa","2025Q3","vespera",2025-12-03,2025-07-01,0.111711412325221
"mfbvar","core","sa","2025Q3","vespera",2025-12-03,2025-08-01,0.191162658028491
"mfbvar","core","sa","2025Q3","vespera",2025-12-03,2025-09-01,0.0855019344361396
"mfbvar","core","sa","2025Q4","vespera",2026-03-02,2025-10-01,0.22867325497334
"mfbvar","core","sa","2025Q4","vespera",2026-03-02,2025-11-01,0.230501926026357
"mfbvar","core","sa","2025Q4","vespera",2026-03-02,2025-12-01,-1.01354649219681
"mfbvar","core","sa","2026Q1","vespera",2026-05-28,2026-01-01,0.656555891606057
"mfbvar","core","sa","2026Q1","vespera",2026-05-28,2026-02-01,0.0910213118899012
"mfbvar","core","sa","2026Q1","vespera",2026-05-28,2026-03-01,1.45068772455467
"mfbvar","core","sa","2026Q2","vespera",2026-08-31,2026-04-01,-0.452282227972725
"mfbvar","core","sa","2026Q2","vespera",2026-08-31,2026-05-01,0.518644597550034
"mfbvar","core","sa","2026Q2","vespera",2026-08-31,2026-06-01,-0.364191322746528
"mfbvar","core","sa","2026Q3","vespera",2026-12-01,2026-07-01,-0.165237063001815
"mfbvar","core","sa","2026Q3","vespera",2026-12-01,2026-08-01,0.0349024869288072
"mfbvar","core","sa","2026Q3","vespera",2026-12-01,2026-09-01,-0.158498763053867
