"corte","amostra","modelo","painel","trilha","variante","timing","n","rmse","rmse_rel_sarima","dm_sarima","p_sarima","dm_focus","p_focus"
"manchete","cheia","dfm_4a","core_longo","sa","principal","m1",30,1.29209239433538,0.526992836762517,-1.53064876394535,0.136692868442904,1.26416105962865,0.216238958650855
"manchete","cheia","dfm_4a","core_longo","sa","principal","m2",30,0.916913620200604,0.383148728713927,-1.63805884192579,0.112215940866859,-1.13912061284896,0.263975226204304
"manchete","cheia","dfm_4a","core_longo","sa","principal","m3",30,0.750027553500371,0.216567111631054,-1.62338043784036,0.115330117949038,-1.91815094174315,0.0649860484030199
"manchete","cheia","dfm_4a","core_longo","sa","principal","vespera",30,0.674194714560817,0.194670717532895,-1.65164658517313,0.109395660735174,-0.86037542426119,0.396639593894229
"manchete","cheia","dfm_4b","core_longo","sa","principal","m1",30,1.68867230730923,0.688741930138013,-1.2891848633478,0.20752238907381,1.74127194707567,0.092236527934737
"manchete","cheia","dfm_4b","core_longo","sa","principal","m2",30,1.17757018780684,0.492068729801288,-1.54424714171984,0.133372092995606,-0.675483582912345,0.504719582203891
"manchete","cheia","dfm_4b","core_longo","sa","principal","m3",30,0.910084138509384,0.262782736845301,-1.5956626391783,0.121405690993274,-1.66021169486858,0.107648363083629
"manchete","cheia","dfm_4b","core_longo","sa","principal","vespera",30,0.560470253211525,0.16183328642617,-1.67273559383215,0.105135375987101,-1.91009944971826,0.0660551780753098
"manchete","cheia","famidas","core_longo","sa","principal","m1",30,2.39481202049879,0.976748091489848,-0.101164663795119,0.920115959740373,1.31065716992904,0.200258954506697
"manchete","cheia","famidas","core_longo","sa","principal","m2",30,2.28874811806874,0.956394269279774,-0.260860624703911,0.796043539852529,1.28858418493181,0.207728436270539
"manchete","cheia","famidas","core_longo","sa","principal","m3",30,1.0040726895618,0.289921511858052,-1.57251308351021,0.126679633353271,-1.35340516307137,0.186382274204047
"manchete","cheia","famidas","core_longo","sa","principal","vespera",30,1.06042809721665,0.306193884524419,-1.60397215299081,0.119557231014663,1.01820726832083,0.316999308558201
"manchete","cheia","focus","nenhum","nsa","principal","m1",30,1.03981332200898,0.424098287917585,-1.56605101902694,0.128184889932233,NA,NA
"manchete","cheia","focus","nenhum","nsa","principal","m2",30,1.31936230864368,0.551319099349075,-1.63434210211352,0.11299781616271,NA,NA
"manchete","cheia","focus","nenhum","nsa","principal","m3",30,1.24028549279195,0.358126905496037,-1.53722430105374,0.135078804847743,NA,NA
"manchete","cheia","focus","nenhum","nsa","principal","vespera",30,0.79043168197985,0.22823362356376,-1.61911573613861,0.11624821448434,NA,NA
"manchete","cheia","lasso","core_longo","sa","principal","m1",30,2.35938662682903,0.962299489528176,-0.214056166860132,0.832001217319899,1.41509749368278,0.167689133636423
"manchete","cheia","lasso","core_longo","sa","principal","m2",30,1.6735536059732,0.699324257418001,-1.27571533554167,0.212180346769089,0.658334219139943,0.515516259650496
"manchete","cheia","lasso","core_longo","sa","principal","m3",30,1.21565456285477,0.351014834308268,-1.59769558160432,0.120951301012932,-0.0971528969535839,0.923273318478556
"manchete","cheia","lasso","core_longo","sa","principal","vespera",30,1.73094115355572,0.499801539662636,-1.6513516964655,0.109456236316811,1.39235764475377,0.174399571406478
"manchete","cheia","mfbvar","core_longo","sa","principal","m1",30,1.13255141271034,0.461922447945852,-1.47401125715168,0.15125200221691,0.850542390486142,0.401991811836892
"manchete","cheia","mfbvar","core_longo","sa","principal","m2",30,0.954156889264195,0.398711493712165,-1.62415689565612,0.115163610908859,-1.36820921729036,0.181754797289318
"manchete","cheia","mfbvar","core_longo","sa","principal","m3",30,0.918113998055514,0.265101322983361,-1.62161453407019,0.11570954790723,-1.3181279390709,0.197778121934356
"manchete","cheia","mfbvar","core_longo","sa","principal","vespera",29,0.727377441019978,0.208459998931456,-1.6266805235777,0.115008329617835,-0.544538165302523,0.590382065461045
"manchete","cheia","rf","core_longo","sa","principal","m1",30,2.36876680698772,0.96612529004588,-1.24247369022961,0.224015314150589,1.49177157060791,0.146558239186066
"manchete","cheia","rf","core_longo","sa","principal","m2",30,2.20863210671693,0.922916363375879,-2.17414487525634,0.0379979642110949,1.44217027607849,0.159968029045749
"manchete","cheia","rf","core_longo","sa","principal","m3",30,2.17150847646466,0.627013389622183,-1.52372919978272,0.138408252271053,1.31821586177718,0.197749066764323
"manchete","cheia","rf","core_longo","sa","principal","vespera",30,2.06093195127812,0.595084911045517,-1.45571555604211,0.156212501526444,1.43455353329053,0.16211117763262
"manchete","cheia","ridge","core_longo","sa","principal","m1",30,2.5086140930822,1.02316340770339,0.198252689457565,0.844230617918457,1.42059891409865,0.16609672655345
"manchete","cheia","ridge","core_longo","sa","principal","m2",30,2.26992150747428,0.948527233872799,-0.474016941593964,0.639037394466957,1.2756609002376,0.212199331295377
"manchete","cheia","ridge","core_longo","sa","principal","m3",30,1.53327714524236,0.442726938664237,-1.5719617958666,0.126807481475217,0.991744973936303,0.329525250210942
"manchete","cheia","ridge","core_longo","sa","principal","vespera",30,1.45754662043174,0.420860087314578,-1.51759433627918,0.13994366367677,1.15555039076805,0.257297316149729
"manchete","cheia","sarima","core","sa","principal","m1",30,2.45182155088314,1,NA,NA,1.56605101902694,0.128184889932233
"manchete","cheia","sarima","core","sa","principal","m2",30,2.39310103749608,1,NA,NA,1.63434210211352,0.11299781616271
"manchete","cheia","sarima","core","sa","principal","m3",30,3.46325694539495,1,NA,NA,1.53722430105374,0.135078804847743
"manchete","cheia","sarima","core","sa","principal","vespera",30,3.46325694539495,1,NA,NA,1.61911573613861,0.11624821448434
"manchete","cheia","sarima","core_longo","sa","principal","m1",30,2.48521996139176,1.0136218765581,0.321531682790117,0.750113589163588,1.58099696077192,0.124725436098671
"manchete","cheia","sarima","core_longo","sa","principal","m2",30,2.40965370548149,1.00691682788401,0.156406482639573,0.876796389657571,1.6642086905953,0.106840960654351
"manchete","cheia","sarima","core_longo","sa","principal","m3",30,3.18680606415516,0.920176040762039,-1.51350587357713,0.14097454599537,1.24911680259598,0.221611266754378
"manchete","cheia","sarima","core_longo","sa","principal","vespera",30,3.18680606415516,0.920176040762039,-1.51350587357713,0.14097454599537,1.34144707159711,0.190186625319124
"manchete","sem_covid","dfm_4a","core_longo","sa","principal","m1",28,0.895344593225922,0.790094530175042,-0.97034778031089,0.340486146432447,0.179836828715383,0.858623568147972
"manchete","sem_covid","dfm_4a","core_longo","sa","principal","m2",28,0.79812794467905,0.696963002847677,-1.27570563273683,0.21292615066577,-0.640211872639938,0.527431001553229
"manchete","sem_covid","dfm_4a","core_longo","sa","principal","m3",28,0.739383835904778,0.41358112978547,-1.53374533740887,0.136727869639891,-1.44775551646384,0.159198459944592
"manchete","sem_covid","dfm_4a","core_longo","sa","principal","vespera",28,0.56246766992705,0.314621449779962,-1.70800711211992,0.0991096550647592,-1.49043772822399,0.147700026536403
"manchete","sem_covid","dfm_4b","core_longo","sa","principal","m1",28,1.1209728359046,0.989199591781691,-0.0491201845584112,0.961185084319832,1.58329883573255,0.12499798025775
"manchete","sem_covid","dfm_4b","core_longo","sa","principal","m2",28,0.977055839289017,0.853211288040501,-0.68124797267089,0.501516303924589,0.630003092998096,0.533988397748346
"manchete","sem_covid","dfm_4b","core_longo","sa","principal","m3",28,0.825778361087741,0.461906699803816,-1.44815119395555,0.159088668407744,-1.02360931996061,0.315104054632018
"manchete","sem_covid","dfm_4b","core_longo","sa","principal","vespera",28,0.452345641193164,0.253023683036392,-1.77409098462721,0.0873273786578659,-2.41859538369995,0.0225966492893771
"manchete","sem_covid","famidas","core_longo","sa","principal","m1",28,1.14953596444372,1.01440505099169,0.11596386584438,0.90853939169084,2.05723589069651,0.049440804663398
"manchete","sem_covid","famidas","core_longo","sa","principal","m2",28,1.25877279330173,1.09921983282433,0.31293040335066,0.756737969529438,1.13656038662235,0.265709401374676
"manchete","sem_covid","famidas","core_longo","sa","principal","m3",28,0.878482217511692,0.49138708526179,-1.39453823926993,0.174524385467328,-0.705538914349862,0.486518017648649
"manchete","sem_covid","famidas","core_longo","sa","principal","vespera",28,0.717011275202115,0.401066832769119,-1.57736097124596,0.126358367468609,-0.382609996880461,0.705004426447934
"manchete","sem_covid","focus","nenhum","nsa","principal","m1",28,0.877066829113886,0.773965364311966,-1.29927523175792,0.204835048050348,NA,NA
"manchete","sem_covid","focus","nenhum","nsa","principal","m2",28,0.883915951434267,0.771877140605974,-1.42716847770662,0.164994865816313,NA,NA
"manchete","sem_covid","focus","nenhum","nsa","principal","m3",28,1.01395379980572,0.567164357279684,-1.43730088510216,0.162121374555325,NA,NA
"manchete","sem_covid","focus","nenhum","nsa","principal","vespera",28,0.773780902140229,0.432821444252929,-1.59807812781612,0.121664299448881,NA,NA
"manchete","sem_covid","lasso","core_longo","sa","principal","m1",28,1.08772860517065,0.959863305996869,-0.189789469011248,0.850893744972796,1.34269669734731,0.19055035258295
"manchete","sem_covid","lasso","core_longo","sa","principal","m2",28,1.04169937770327,0.909661077761893,-0.506078223733251,0.616909118115565,1.15869999774703,0.256724512821813
"manchete","sem_covid","lasso","core_longo","sa","principal","m3",28,0.97340258945566,0.544481665859708,-1.34463918227931,0.18992987482804,-0.225411107862087,0.823356941114744
"manchete","sem_covid","lasso","core_longo","sa","principal","vespera",28,0.801262130074747,0.44819332113896,-1.51147541197166,0.142284240059905,0.154359408060159,0.878474411003308
"manchete","sem_covid","mfbvar","core_longo","sa","principal","m1",28,1.0319458778349,0.91063798193765,-0.441921046736186,0.662065801814131,1.3239754813763,0.196611413281863
"manchete","sem_covid","mfbvar","core_longo","sa","principal","m2",28,0.837273008115156,0.731146320373368,-1.13159222059594,0.267756691696291,-0.343853929043162,0.733619632673619
"manchete","sem_covid","mfbvar","core_longo","sa","principal","m3",28,0.815365154339101,0.45608197710546,-1.49060696693545,0.147655803920606,-1.05933755607044,0.298831423726753
"manchete","sem_covid","mfbvar","core_longo","sa","principal","vespera",27,0.634759783962375,0.362593393547393,-1.57880100372499,0.126472317679848,-1.17354812339992,0.251214826605322
"manchete","sem_covid","rf","core_longo","sa","principal","m1",28,0.990973717364705,0.874482204461714,-1.15383251271066,0.258680533423078,0.806670490251697,0.426905181820602
"manchete","sem_covid","rf","core_longo","sa","principal","m2",28,0.903769303889946,0.789214025295142,-1.52154774657598,0.13974888818695,0.197656027127564,0.844794750883247
"manchete","sem_covid","rf","core_longo","sa","principal","m3",28,0.887741228674803,0.496566198073812,-1.5291225039917,0.137866502052562,-0.784343191872048,0.439666348624813
"manchete","sem_covid","rf","core_longo","sa","principal","vespera",28,0.817986848465785,0.45754844575978,-1.57813953335298,0.126179305203571,0.236060337225093,0.815167413517506
"manchete","sem_covid","ridge","core_longo","sa","principal","m1",28,0.886052543197195,0.781894784560498,-0.987992092689189,0.331928316452283,0.0761474181053716,0.939863261552981
"manchete","sem_covid","ridge","core_longo","sa","principal","m2",28,0.941057608816114,0.821775933627888,-0.763922692934242,0.451537891861485,0.350414998125971,0.728746388930544
"manchete","sem_covid","ridge","core_longo","sa","principal","m3",28,0.944037123324828,0.528055823057498,-1.32945601211642,0.19482182049106,-0.359460731687265,0.722046639067077
"manchete","sem_covid","ridge","core_longo","sa","principal","vespera",28,0.736343942877132,0.411880737740434,-1.54599407574395,0.133747953324361,-0.229406136667283,0.820282225943938
"manchete","sem_covid","sarima","core","sa","principal","m1",28,1.13321198797258,1,NA,NA,1.29927523175792,0.204835048050348
"manchete","sem_covid","sarima","core","sa","principal","m2",28,1.14515109326898,1,NA,NA,1.42716847770662,0.164994865816313
"manchete","sem_covid","sarima","core","sa","principal","m3",28,1.78776008539922,1,NA,NA,1.43730088510216,0.162121374555325
"manchete","sem_covid","sarima","core","sa","principal","vespera",28,1.78776008539922,1,NA,NA,1.59807812781612,0.121664299448881
"manchete","sem_covid","sarima","core_longo","sa","principal","m1",28,1.23159298328989,1.08681605592023,0.443354352287246,0.661041809263419,0.833051830028904,0.412124302408608
"manchete","sem_covid","sarima","core_longo","sa","principal","m2",28,1.24104630056757,1.08374022245819,0.435514517425068,0.666650942844604,0.86875107600175,0.392640367494759
"manchete","sem_covid","sarima","core_longo","sa","principal","m3",28,1.03255295636798,0.577567966082767,-1.66564322264036,0.107346967148286,0.093423177921811,0.926257189526143
"manchete","sem_covid","sarima","core_longo","sa","principal","vespera",28,1.03255295636798,0.577567966082767,-1.66564322264036,0.107346967148286,0.940127443003584,0.355487612776261
"pos","cheia","dfm_4a","core_longo","sa","principal","m1",18,0.556929851373997,0.668481364556951,-2.74036115542187,0.0139468622308621,-1.38184749830301,0.184908997207664
"pos","cheia","dfm_4a","core_longo","sa","principal","m2",18,0.564441986235309,0.677498159312048,-2.325960496494,0.0326473460514401,-1.19532508712676,0.248369029719137
"pos","cheia","dfm_4a","core_longo","sa","principal","m3",18,0.421754063458568,0.506230239145314,-3.98811709425149,0.000951390430559579,-2.39606869696791,0.0283509806732221
"pos","cheia","dfm_4a","core_longo","sa","principal","vespera",18,0.301213390398391,0.361545601729875,-3.9999630183963,0.000927280270481894,-2.37416170821615,0.0296330406081535
"pos","cheia","dfm_4b","core_longo","sa","principal","m1",18,0.859128063326176,1.03120904488164,0.172008917378568,0.865461569629272,0.675205660871852,0.508625592398097
"pos","cheia","dfm_4b","core_longo","sa","principal","m2",18,0.890811343146558,1.06923839826558,0.418730174310055,0.680655930103829,0.716395111849359,0.483473670957615
"pos","cheia","dfm_4b","core_longo","sa","principal","m3",18,0.584981443190445,0.702151612846195,-2.54523585815151,0.0209138162498138,-1.91091607253767,0.0730283842415905
"pos","cheia","dfm_4b","core_longo","sa","principal","vespera",18,0.262138883659936,0.314644579061634,-4.00459587931384,0.000918019159882601,-2.4559698899274,0.0251061739611082
"pos","cheia","famidas","core_longo","sa","principal","m1",18,0.734300149005603,0.881378443605827,-0.812261038797374,0.427870249578764,0.150838380775939,0.881878577611872
"pos","cheia","famidas","core_longo","sa","principal","m2",18,0.681176815313301,0.817614652692424,-1.62695926446766,0.122137200783959,-0.411339227764745,0.685962952049224
"pos","cheia","famidas","core_longo","sa","principal","m3",18,0.518295404116885,0.622108544070455,-3.12804131859591,0.00612498373503266,-2.03165310811296,0.0581222384401259
"pos","cheia","famidas","core_longo","sa","principal","vespera",18,0.502790945076892,0.603498584647015,-2.43122915373496,0.026401553070499,-1.38304394957031,0.184548393949948
"pos","cheia","focus","nenhum","nsa","principal","m1",18,0.716871833185642,0.860459284195509,-1.23148169030853,0.234907333514749,NA,NA
"pos","cheia","focus","nenhum","nsa","principal","m2",18,0.74634605585145,0.895837112369535,-0.926817838012726,0.36699308215737,NA,NA
"pos","cheia","focus","nenhum","nsa","principal","m3",18,0.892537748917141,1.07131059835048,0.386916136315858,0.703618938511204,NA,NA
"pos","cheia","focus","nenhum","nsa","principal","vespera",18,0.72737953874736,0.873071654200332,-0.6476183709964,0.525881943231183,NA,NA
"pos","cheia","lasso","core_longo","sa","principal","m1",18,0.833754519996347,1.00075325080466,0.00460421916954696,0.996379976331873,0.789205550209911,0.440860624286129
"pos","cheia","lasso","core_longo","sa","principal","m2",18,0.641167115559717,0.769591120427443,-1.65323200887528,0.116630033798925,-0.604251616391882,0.553655744599331
"pos","cheia","lasso","core_longo","sa","principal","m3",18,0.509232234983797,0.611230047156794,-4.02933665444474,0.000870116418692212,-2.09106992379817,0.0518476729827726
"pos","cheia","lasso","core_longo","sa","principal","vespera",18,0.539956860136992,0.648108729987742,-1.95125795252624,0.0677048943054038,-1.03691066022985,0.314302565951116
"pos","cheia","mfbvar","core_longo","sa","principal","m1",18,0.635409158944154,0.762679860982587,-1.62520738517254,0.122512176402572,-0.716342969146206,0.48350504025207
"pos","cheia","mfbvar","core_longo","sa","principal","m2",18,0.600676257173697,0.720990054783016,-1.80555474844864,0.0887275946231467,-0.977245101085452,0.342150505228007
"pos","cheia","mfbvar","core_longo","sa","principal","m3",18,0.478255423755225,0.574048666075117,-3.10433496059103,0.00644439349701018,-1.95351053480637,0.0674181527579682
"pos","cheia","mfbvar","core_longo","sa","principal","vespera",18,0.375891653970185,0.451181715527792,-3.52570835492904,0.00259525811061342,-2.204226392366,0.0415774163220456
"pos","cheia","rf","core_longo","sa","principal","m1",18,0.495389535010471,0.594614692557841,-3.71438657220391,0.00172315480163258,-1.83579432821961,0.0839425875526822
"pos","cheia","rf","core_longo","sa","principal","m2",18,0.454380769638096,0.545391984586111,-3.94109592600079,0.00105348131397476,-2.0416614423057,0.0570193160650623
"pos","cheia","rf","core_longo","sa","principal","m3",18,0.4170951763051,0.500638189744508,-4.07609851688061,0.00078634600884289,-2.37264564929183,0.0297237446552615
"pos","cheia","rf","core_longo","sa","principal","vespera",18,0.377921140974057,0.453617703181089,-3.75248274964728,0.00158634931966674,-1.84915889941523,0.0819013231038942
"pos","cheia","ridge","core_longo","sa","principal","m1",18,0.546049375953568,0.65542155991884,-3.62645007127463,0.00208565615483187,-1.73579799390214,0.100687508121851
"pos","cheia","ridge","core_longo","sa","principal","m2",18,0.682379948130204,0.819058769694237,-1.43487562038387,0.169464519789396,-0.379870232139684,0.708745688773392
"pos","cheia","ridge","core_longo","sa","principal","m3",18,0.554918722797232,0.666067412473079,-3.68744715393033,0.00182695793368538,-1.989716554026,0.0629564512881089
"pos","cheia","ridge","core_longo","sa","principal","vespera",18,0.499125915252151,0.59909945945676,-2.46778679201955,0.0245088190678675,-1.48549700134563,0.155720551467
"pos","cheia","sarima","core","sa","principal","m1",18,0.833126966438493,1,NA,NA,1.23148169030853,0.234907333514749
"pos","cheia","sarima","core","sa","principal","m2",18,0.833126966438493,1,NA,NA,0.926817838012726,0.36699308215737
"pos","cheia","sarima","core","sa","principal","m3",18,0.833126966438493,1,NA,NA,-0.386916136315858,0.703618938511204
"pos","cheia","sarima","core","sa","principal","vespera",18,0.833126966438493,1,NA,NA,0.6476183709964,0.525881943231183
"pos","cheia","sarima","core_longo","sa","principal","m1",18,0.463192218623668,0.555968342500968,-4.12502084820995,0.000707392108764251,-2.18277867273857,0.0433673644917507
"pos","cheia","sarima","core_longo","sa","principal","m2",18,0.463419670538936,0.556241352407537,-4.12195691536991,0.000712093255577912,-2.36850541437739,0.0299727760586732
"pos","cheia","sarima","core_longo","sa","principal","m3",18,0.463113030362398,0.555873293049371,-4.11875922595948,0.000717033277672514,-2.12775805907748,0.0482880044052178
"pos","cheia","sarima","core_longo","sa","principal","vespera",18,0.463113030362398,0.555873293049371,-4.11875922595948,0.000717033277672514,-1.48591344391617,0.155611419618426
"pos","sem_covid","dfm_4a","core_longo","sa","principal","m1",18,0.556929851373997,0.668481364556951,-2.74036115542187,0.0139468622308621,-1.38184749830301,0.184908997207664
"pos","sem_covid","dfm_4a","core_longo","sa","principal","m2",18,0.564441986235309,0.677498159312048,-2.325960496494,0.0326473460514401,-1.19532508712676,0.248369029719137
"pos","sem_covid","dfm_4a","core_longo","sa","principal","m3",18,0.421754063458568,0.506230239145314,-3.98811709425149,0.000951390430559579,-2.39606869696791,0.0283509806732221
"pos","sem_covid","dfm_4a","core_longo","sa","principal","vespera",18,0.301213390398391,0.361545601729875,-3.9999630183963,0.000927280270481894,-2.37416170821615,0.0296330406081535
"pos","sem_covid","dfm_4b","core_longo","sa","principal","m1",18,0.859128063326176,1.03120904488164,0.172008917378568,0.865461569629272,0.675205660871852,0.508625592398097
"pos","sem_covid","dfm_4b","core_longo","sa","principal","m2",18,0.890811343146558,1.06923839826558,0.418730174310055,0.680655930103829,0.716395111849359,0.483473670957615
"pos","sem_covid","dfm_4b","core_longo","sa","principal","m3",18,0.584981443190445,0.702151612846195,-2.54523585815151,0.0209138162498138,-1.91091607253767,0.0730283842415905
"pos","sem_covid","dfm_4b","core_longo","sa","principal","vespera",18,0.262138883659936,0.314644579061634,-4.00459587931384,0.000918019159882601,-2.4559698899274,0.0251061739611082
"pos","sem_covid","famidas","core_longo","sa","principal","m1",18,0.734300149005603,0.881378443605827,-0.812261038797374,0.427870249578764,0.150838380775939,0.881878577611872
"pos","sem_covid","famidas","core_longo","sa","principal","m2",18,0.681176815313301,0.817614652692424,-1.62695926446766,0.122137200783959,-0.411339227764745,0.685962952049224
"pos","sem_covid","famidas","core_longo","sa","principal","m3",18,0.518295404116885,0.622108544070455,-3.12804131859591,0.00612498373503266,-2.03165310811296,0.0581222384401259
"pos","sem_covid","famidas","core_longo","sa","principal","vespera",18,0.502790945076892,0.603498584647015,-2.43122915373496,0.026401553070499,-1.38304394957031,0.184548393949948
"pos","sem_covid","focus","nenhum","nsa","principal","m1",18,0.716871833185642,0.860459284195509,-1.23148169030853,0.234907333514749,NA,NA
"pos","sem_covid","focus","nenhum","nsa","principal","m2",18,0.74634605585145,0.895837112369535,-0.926817838012726,0.36699308215737,NA,NA
"pos","sem_covid","focus","nenhum","nsa","principal","m3",18,0.892537748917141,1.07131059835048,0.386916136315858,0.703618938511204,NA,NA
"pos","sem_covid","focus","nenhum","nsa","principal","vespera",18,0.72737953874736,0.873071654200332,-0.6476183709964,0.525881943231183,NA,NA
"pos","sem_covid","lasso","core_longo","sa","principal","m1",18,0.833754519996347,1.00075325080466,0.00460421916954696,0.996379976331873,0.789205550209911,0.440860624286129
"pos","sem_covid","lasso","core_longo","sa","principal","m2",18,0.641167115559717,0.769591120427443,-1.65323200887528,0.116630033798925,-0.604251616391882,0.553655744599331
"pos","sem_covid","lasso","core_longo","sa","principal","m3",18,0.509232234983797,0.611230047156794,-4.02933665444474,0.000870116418692212,-2.09106992379817,0.0518476729827726
"pos","sem_covid","lasso","core_longo","sa","principal","vespera",18,0.539956860136992,0.648108729987742,-1.95125795252624,0.0677048943054038,-1.03691066022985,0.314302565951116
"pos","sem_covid","mfbvar","core_longo","sa","principal","m1",18,0.635409158944154,0.762679860982587,-1.62520738517254,0.122512176402572,-0.716342969146206,0.48350504025207
"pos","sem_covid","mfbvar","core_longo","sa","principal","m2",18,0.600676257173697,0.720990054783016,-1.80555474844864,0.0887275946231467,-0.977245101085452,0.342150505228007
"pos","sem_covid","mfbvar","core_longo","sa","principal","m3",18,0.478255423755225,0.574048666075117,-3.10433496059103,0.00644439349701018,-1.95351053480637,0.0674181527579682
"pos","sem_covid","mfbvar","core_longo","sa","principal","vespera",18,0.375891653970185,0.451181715527792,-3.52570835492904,0.00259525811061342,-2.204226392366,0.0415774163220456
"pos","sem_covid","rf","core_longo","sa","principal","m1",18,0.495389535010471,0.594614692557841,-3.71438657220391,0.00172315480163258,-1.83579432821961,0.0839425875526822
"pos","sem_covid","rf","core_longo","sa","principal","m2",18,0.454380769638096,0.545391984586111,-3.94109592600079,0.00105348131397476,-2.0416614423057,0.0570193160650623
"pos","sem_covid","rf","core_longo","sa","principal","m3",18,0.4170951763051,0.500638189744508,-4.07609851688061,0.00078634600884289,-2.37264564929183,0.0297237446552615
"pos","sem_covid","rf","core_longo","sa","principal","vespera",18,0.377921140974057,0.453617703181089,-3.75248274964728,0.00158634931966674,-1.84915889941523,0.0819013231038942
"pos","sem_covid","ridge","core_longo","sa","principal","m1",18,0.546049375953568,0.65542155991884,-3.62645007127463,0.00208565615483187,-1.73579799390214,0.100687508121851
"pos","sem_covid","ridge","core_longo","sa","principal","m2",18,0.682379948130204,0.819058769694237,-1.43487562038387,0.169464519789396,-0.379870232139684,0.708745688773392
"pos","sem_covid","ridge","core_longo","sa","principal","m3",18,0.554918722797232,0.666067412473079,-3.68744715393033,0.00182695793368538,-1.989716554026,0.0629564512881089
"pos","sem_covid","ridge","core_longo","sa","principal","vespera",18,0.499125915252151,0.59909945945676,-2.46778679201955,0.0245088190678675,-1.48549700134563,0.155720551467
"pos","sem_covid","sarima","core","sa","principal","m1",18,0.833126966438493,1,NA,NA,1.23148169030853,0.234907333514749
"pos","sem_covid","sarima","core","sa","principal","m2",18,0.833126966438493,1,NA,NA,0.926817838012726,0.36699308215737
"pos","sem_covid","sarima","core","sa","principal","m3",18,0.833126966438493,1,NA,NA,-0.386916136315858,0.703618938511204
"pos","sem_covid","sarima","core","sa","principal","vespera",18,0.833126966438493,1,NA,NA,0.6476183709964,0.525881943231183
"pos","sem_covid","sarima","core_longo","sa","principal","m1",18,0.463192218623668,0.555968342500968,-4.12502084820995,0.000707392108764251,-2.18277867273857,0.0433673644917507
"pos","sem_covid","sarima","core_longo","sa","principal","m2",18,0.463419670538936,0.556241352407537,-4.12195691536991,0.000712093255577912,-2.36850541437739,0.0299727760586732
"pos","sem_covid","sarima","core_longo","sa","principal","m3",18,0.463113030362398,0.555873293049371,-4.11875922595948,0.000717033277672514,-2.12775805907748,0.0482880044052178
"pos","sem_covid","sarima","core_longo","sa","principal","vespera",18,0.463113030362398,0.555873293049371,-4.11875922595948,0.000717033277672514,-1.48591344391617,0.155611419618426
