"modelo","painel","trilha","variante","trimestre","timing","n_modelos","n_sobreviventes","caiu_no_focus"
"combo_igual","core","sa","principal","2015Q1","m1",6,NA,NA
"combo_igual","core","sa","principal","2015Q1","m2",6,NA,NA
"combo_igual","core","sa","principal","2015Q1","m3",6,NA,NA
"combo_igual","core","sa","principal","2015Q1","vespera",6,NA,NA
"combo_igual","core","sa","principal","2015Q2","m1",6,NA,NA
"combo_igual","core","sa","principal","2015Q2","m2",6,NA,NA
"combo_igual","core","sa","principal","2015Q2","m3",6,NA,NA
"combo_igual","core","sa","principal","2015Q2","vespera",6,NA,NA
"combo_igual","core","sa","principal","2015Q3","m1",6,NA,NA
"combo_igual","core","sa","principal","2015Q3","m2",6,NA,NA
"combo_igual","core","sa","principal","2015Q3","m3",6,NA,NA
"combo_igual","core","sa","principal","2015Q3","vespera",6,NA,NA
"combo_igual","core","sa","principal","2015Q4","m1",6,NA,NA
"combo_igual","core","sa","principal","2015Q4","m2",6,NA,NA
"combo_igual","core","sa","principal","2015Q4","m3",6,NA,NA
"combo_igual","core","sa","principal","2015Q4","vespera",6,NA,NA
"combo_igual","core","sa","principal","2016Q1","m1",6,NA,NA
"combo_igual","core","sa","principal","2016Q1","m2",6,NA,NA
"combo_igual","core","sa","principal","2016Q1","m3",6,NA,NA
"combo_igual","core","sa","principal","2016Q1","vespera",6,NA,NA
"combo_igual","core","sa","principal","2016Q2","m1",6,NA,NA
"combo_igual","core","sa","principal","2016Q2","m2",6,NA,NA
"combo_igual","core","sa","principal","2016Q2","m3",6,NA,NA
"combo_igual","core","sa","principal","2016Q2","vespera",6,NA,NA
"combo_igual","core","sa","principal","2016Q3","m1",6,NA,NA
"combo_igual","core","sa","principal","2016Q3","m2",6,NA,NA
"combo_igual","core","sa","principal","2016Q3","m3",6,NA,NA
"combo_igual","core","sa","principal","2016Q3","vespera",6,NA,NA
"combo_igual","core","sa","principal","2016Q4","m1",6,NA,NA
"combo_igual","core","sa","principal","2016Q4","m2",6,NA,NA
"combo_igual","core","sa","principal","2016Q4","m3",6,NA,NA
"combo_igual","core","sa","principal","2016Q4","vespera",6,NA,NA
"combo_igual","core","sa","principal","2017Q1","m1",6,NA,NA
"combo_igual","core","sa","principal","2017Q1","m2",6,NA,NA
"combo_igual","core","sa","principal","2017Q1","m3",6,NA,NA
"combo_igual","core","sa","principal","2017Q1","vespera",6,NA,NA
"combo_igual","core","sa","principal","2017Q2","m1",6,NA,NA
"combo_igual","core","sa","principal","2017Q2","m2",6,NA,NA
"combo_igual","core","sa","principal","2017Q2","m3",6,NA,NA
"combo_igual","core","sa","principal","2017Q2","vespera",6,NA,NA
"combo_igual","core","sa","principal","2017Q3","m1",6,NA,NA
"combo_igual","core","sa","principal","2017Q3","m2",6,NA,NA
"combo_igual","core","sa","principal","2017Q3","m3",7,NA,NA
"combo_igual","core","sa","principal","2017Q3","vespera",7,NA,NA
"combo_igual","core","sa","principal","2017Q4","m1",7,NA,NA
"combo_igual","core","sa","principal","2017Q4","m2",7,NA,NA
"combo_igual","core","sa","principal","2017Q4","m3",7,NA,NA
"combo_igual","core","sa","principal","2017Q4","vespera",7,NA,NA
"combo_igual","core","sa","principal","2018Q1","m1",7,NA,NA
"combo_igual","core","sa","principal","2018Q1","m2",7,NA,NA
"combo_igual","core","sa","principal","2018Q1","m3",7,NA,NA
"combo_igual","core","sa","principal","2018Q1","vespera",7,NA,NA
"combo_igual","core","sa","principal","2018Q2","m1",7,NA,NA
"combo_igual","core","sa","principal","2018Q2","m2",7,NA,NA
"combo_igual","core","sa","principal","2018Q2","m3",7,NA,NA
"combo_igual","core","sa","principal","2018Q2","vespera",7,NA,NA
"combo_igual","core","sa","principal","2018Q3","m1",7,NA,NA
"combo_igual","core","sa","principal","2018Q3","m2",7,NA,NA
"combo_igual","core","sa","principal","2018Q3","m3",7,NA,NA
"combo_igual","core","sa","principal","2018Q3","vespera",7,NA,NA
"combo_igual","core","sa","principal","2018Q4","m1",7,NA,NA
"combo_igual","core","sa","principal","2018Q4","m2",7,NA,NA
"combo_igual","core","sa","principal","2018Q4","m3",7,NA,NA
"combo_igual","core","sa","principal","2018Q4","vespera",7,NA,NA
"combo_igual","core","sa","principal","2019Q1","m1",7,NA,NA
"combo_igual","core","sa","principal","2019Q1","m2",7,NA,NA
"combo_igual","core","sa","principal","2019Q1","m3",7,NA,NA
"combo_igual","core","sa","principal","2019Q1","vespera",7,NA,NA
"combo_igual","core","sa","principal","2019Q2","m1",7,NA,NA
"combo_igual","core","sa","principal","2019Q2","m2",7,NA,NA
"combo_igual","core","sa","principal","2019Q2","m3",7,NA,NA
"combo_igual","core","sa","principal","2019Q2","vespera",7,NA,NA
"combo_igual","core","sa","principal","2019Q3","m1",7,NA,NA
"combo_igual","core","sa","principal","2019Q3","m2",7,NA,NA
"combo_igual","core","sa","principal","2019Q3","m3",7,NA,NA
"combo_igual","core","sa","principal","2019Q3","vespera",7,NA,NA
"combo_igual","core","sa","principal","2019Q4","m1",7,NA,NA
"combo_igual","core","sa","principal","2019Q4","m2",7,NA,NA
"combo_igual","core","sa","principal","2019Q4","m3",7,NA,NA
"combo_igual","core","sa","principal","2019Q4","vespera",7,NA,NA
"combo_igual","core","sa","principal","2020Q1","m1",7,NA,NA
"combo_igual","core","sa","principal","2020Q1","m2",7,NA,NA
"combo_igual","core","sa","principal","2020Q1","m3",7,NA,NA
"combo_igual","core","sa","principal","2020Q1","vespera",7,NA,NA
"combo_igual","core","sa","principal","2020Q2","m1",7,NA,NA
"combo_igual","core","sa","principal","2020Q2","m2",7,NA,NA
"combo_igual","core","sa","principal","2020Q2","m3",7,NA,NA
"combo_igual","core","sa","principal","2020Q2","vespera",7,NA,NA
"combo_igual","core","sa","principal","2020Q3","m1",7,NA,NA
"combo_igual","core","sa","principal","2020Q3","m2",7,NA,NA
"combo_igual","core","sa","principal","2020Q3","m3",7,NA,NA
"combo_igual","core","sa","principal","2020Q3","vespera",7,NA,NA
"combo_igual","core","sa","principal","2020Q4","m1",7,NA,NA
"combo_igual","core","sa","principal","2020Q4","m2",7,NA,NA
"combo_igual","core","sa","principal","2020Q4","m3",7,NA,NA
"combo_igual","core","sa","principal","2020Q4","vespera",7,NA,NA
"combo_igual","core","sa","principal","2021Q1","m1",7,NA,NA
"combo_igual","core","sa","principal","2021Q1","m2",7,NA,NA
"combo_igual","core","sa","principal","2021Q1","m3",7,NA,NA
"combo_igual","core","sa","principal","2021Q1","vespera",7,NA,NA
"combo_igual","core","sa","principal","2021Q2","m1",7,NA,NA
"combo_igual","core","sa","principal","2021Q2","m2",7,NA,NA
"combo_igual","core","sa","principal","2021Q2","m3",7,NA,NA
"combo_igual","core","sa","principal","2021Q2","vespera",7,NA,NA
"combo_igual","core","sa","principal","2021Q3","m1",7,NA,NA
"combo_igual","core","sa","principal","2021Q3","m2",7,NA,NA
"combo_igual","core","sa","principal","2021Q3","m3",7,NA,NA
"combo_igual","core","sa","principal","2021Q3","vespera",7,NA,NA
"combo_igual","core","sa","principal","2021Q4","m1",7,NA,NA
"combo_igual","core","sa","principal","2021Q4","m2",7,NA,NA
"combo_igual","core","sa","principal","2021Q4","m3",7,NA,NA
"combo_igual","core","sa","principal","2021Q4","vespera",7,NA,NA
"combo_igual","core","sa","principal","2022Q1","m1",7,NA,NA
"combo_igual","core","sa","principal","2022Q1","m2",7,NA,NA
"combo_igual","core","sa","principal","2022Q1","m3",7,NA,NA
"combo_igual","core","sa","principal","2022Q1","vespera",7,NA,NA
"combo_igual","core","sa","principal","2022Q2","m1",7,NA,NA
"combo_igual","core","sa","principal","2022Q2","m2",7,NA,NA
"combo_igual","core","sa","principal","2022Q2","m3",7,NA,NA
"combo_igual","core","sa","principal","2022Q2","vespera",7,NA,NA
"combo_igual","core","sa","principal","2022Q3","m1",7,NA,NA
"combo_igual","core","sa","principal","2022Q3","m2",7,NA,NA
"combo_igual","core","sa","principal","2022Q3","m3",7,NA,NA
"combo_igual","core","sa","principal","2022Q3","vespera",7,NA,NA
"combo_igual","core","sa","principal","2022Q4","m1",7,NA,NA
"combo_igual","core","sa","principal","2022Q4","m2",7,NA,NA
"combo_igual","core","sa","principal","2022Q4","m3",7,NA,NA
"combo_igual","core","sa","principal","2022Q4","vespera",7,NA,NA
"combo_igual","core","sa","principal","2023Q1","m1",7,NA,NA
"combo_igual","core","sa","principal","2023Q1","m2",7,NA,NA
"combo_igual","core","sa","principal","2023Q1","m3",7,NA,NA
"combo_igual","core","sa","principal","2023Q1","vespera",7,NA,NA
"combo_igual","core","sa","principal","2023Q2","m1",7,NA,NA
"combo_igual","core","sa","principal","2023Q2","m2",7,NA,NA
"combo_igual","core","sa","principal","2023Q2","m3",7,NA,NA
"combo_igual","core","sa","principal","2023Q2","vespera",7,NA,NA
"combo_igual","core","sa","principal","2023Q3","m1",7,NA,NA
"combo_igual","core","sa","principal","2023Q3","m2",7,NA,NA
"combo_igual","core","sa","principal","2023Q3","m3",7,NA,NA
"combo_igual","core","sa","principal","2023Q3","vespera",7,NA,NA
"combo_igual","core","sa","principal","2023Q4","m1",7,NA,NA
"combo_igual","core","sa","principal","2023Q4","m2",7,NA,NA
"combo_igual","core","sa","principal","2023Q4","m3",7,NA,NA
"combo_igual","core","sa","principal","2023Q4","vespera",7,NA,NA
"combo_igual","core","sa","principal","2024Q1","m1",7,NA,NA
"combo_igual","core","sa","principal","2024Q1","m2",7,NA,NA
"combo_igual","core","sa","principal","2024Q1","m3",7,NA,NA
"combo_igual","core","sa","principal","2024Q1","vespera",7,NA,NA
"combo_igual","core","sa","principal","2024Q2","m1",7,NA,NA
"combo_igual","core","sa","principal","2024Q2","m2",7,NA,NA
"combo_igual","core","sa","principal","2024Q2","m3",7,NA,NA
"combo_igual","core","sa","principal","2024Q2","vespera",7,NA,NA
"combo_igual","core","sa","principal","2024Q3","m1",7,NA,NA
"combo_igual","core","sa","principal","2024Q3","m2",7,NA,NA
"combo_igual","core","sa","principal","2024Q3","m3",7,NA,NA
"combo_igual","core","sa","principal","2024Q3","vespera",7,NA,NA
"combo_igual","core","sa","principal","2024Q4","m1",7,NA,NA
"combo_igual","core","sa","principal","2024Q4","m2",7,NA,NA
"combo_igual","core","sa","principal","2024Q4","m3",7,NA,NA
"combo_igual","core","sa","principal","2024Q4","vespera",7,NA,NA
"combo_igual","core","sa","principal","2025Q1","m1",7,NA,NA
"combo_igual","core","sa","principal","2025Q1","m2",7,NA,NA
"combo_igual","core","sa","principal","2025Q1","m3",7,NA,NA
"combo_igual","core","sa","principal","2025Q1","vespera",7,NA,NA
"combo_igual","core","sa","principal","2025Q2","m1",7,NA,NA
"combo_igual","core","sa","principal","2025Q2","m2",7,NA,NA
"combo_igual","core","sa","principal","2025Q2","m3",7,NA,NA
"combo_igual","core","sa","principal","2025Q2","vespera",7,NA,NA
"combo_igual","core","sa","principal","2025Q3","m1",7,NA,NA
"combo_igual","core","sa","principal","2025Q3","m2",7,NA,NA
"combo_igual","core","sa","principal","2025Q3","m3",7,NA,NA
"combo_igual","core","sa","principal","2025Q3","vespera",7,NA,NA
"combo_igual","core","sa","principal","2025Q4","m1",7,NA,NA
"combo_igual","core","sa","principal","2025Q4","m2",7,NA,NA
"combo_igual","core","sa","principal","2025Q4","m3",7,NA,NA
"combo_igual","core","sa","principal","2025Q4","vespera",7,NA,NA
"combo_igual","core","sa","principal","2026Q1","m1",7,NA,NA
"combo_igual","core","sa","principal","2026Q1","m2",7,NA,NA
"combo_igual","core","sa","principal","2026Q1","m3",7,NA,NA
"combo_igual","core","sa","principal","2026Q1","vespera",7,NA,NA
"combo_igual","core","sa","principal","2026Q2","m1",7,NA,NA
"combo_igual","core","sa","principal","2026Q2","m2",7,NA,NA
"combo_igual","core","sa","principal","2026Q2","m3",7,NA,NA
"combo_igual","core","sa","principal","2026Q2","vespera",7,NA,NA
"combo_igual","core","sa","principal","2026Q3","m1",7,NA,NA
"combo_igual","core","sa","principal","2026Q3","m2",7,NA,NA
"combo_igual","core","sa","principal","2026Q3","m3",7,NA,NA
"combo_igual","core","sa","principal","2026Q3","vespera",7,NA,NA
"combo_igual","estendido","sa","principal","2016Q1","m3",6,NA,NA
"combo_igual","estendido","sa","principal","2016Q1","vespera",6,NA,NA
"combo_igual","estendido","sa","principal","2016Q2","m3",5,NA,NA
"combo_igual","estendido","sa","principal","2016Q2","vespera",5,NA,NA
"combo_igual","estendido","sa","principal","2016Q3","m1",6,NA,NA
"combo_igual","estendido","sa","principal","2016Q3","m2",6,NA,NA
"combo_igual","estendido","sa","principal","2016Q3","m3",6,NA,NA
"combo_igual","estendido","sa","principal","2016Q3","vespera",6,NA,NA
"combo_igual","estendido","sa","principal","2016Q4","m1",6,NA,NA
"combo_igual","estendido","sa","principal","2016Q4","m2",6,NA,NA
"combo_igual","estendido","sa","principal","2016Q4","m3",6,NA,NA
"combo_igual","estendido","sa","principal","2016Q4","vespera",6,NA,NA
"combo_igual","estendido","sa","principal","2017Q1","m1",6,NA,NA
"combo_igual","estendido","sa","principal","2017Q1","m2",6,NA,NA
"combo_igual","estendido","sa","principal","2017Q1","m3",6,NA,NA
"combo_igual","estendido","sa","principal","2017Q1","vespera",6,NA,NA
"combo_igual","estendido","sa","principal","2017Q2","m1",6,NA,NA
"combo_igual","estendido","sa","principal","2017Q2","m2",6,NA,NA
"combo_igual","estendido","sa","principal","2017Q2","m3",6,NA,NA
"combo_igual","estendido","sa","principal","2017Q2","vespera",6,NA,NA
"combo_igual","estendido","sa","principal","2017Q3","m1",6,NA,NA
"combo_igual","estendido","sa","principal","2017Q3","m2",6,NA,NA
"combo_igual","estendido","sa","principal","2017Q3","m3",6,NA,NA
"combo_igual","estendido","sa","principal","2017Q3","vespera",6,NA,NA
"combo_igual","estendido","sa","principal","2017Q4","m1",6,NA,NA
"combo_igual","estendido","sa","principal","2017Q4","m2",6,NA,NA
"combo_igual","estendido","sa","principal","2017Q4","m3",6,NA,NA
"combo_igual","estendido","sa","principal","2017Q4","vespera",6,NA,NA
"combo_igual","estendido","sa","principal","2018Q1","m1",6,NA,NA
"combo_igual","estendido","sa","principal","2018Q1","m2",6,NA,NA
"combo_igual","estendido","sa","principal","2018Q1","m3",6,NA,NA
"combo_igual","estendido","sa","principal","2018Q1","vespera",6,NA,NA
"combo_igual","estendido","sa","principal","2018Q2","m1",6,NA,NA
"combo_igual","estendido","sa","principal","2018Q2","m2",6,NA,NA
"combo_igual","estendido","sa","principal","2018Q2","m3",6,NA,NA
"combo_igual","estendido","sa","principal","2018Q2","vespera",6,NA,NA
"combo_igual","estendido","sa","principal","2018Q3","m1",6,NA,NA
"combo_igual","estendido","sa","principal","2018Q3","m2",6,NA,NA
"combo_igual","estendido","sa","principal","2018Q3","m3",6,NA,NA
"combo_igual","estendido","sa","principal","2018Q3","vespera",6,NA,NA
"combo_igual","estendido","sa","principal","2018Q4","m1",6,NA,NA
"combo_igual","estendido","sa","principal","2018Q4","m2",6,NA,NA
"combo_igual","estendido","sa","principal","2018Q4","m3",6,NA,NA
"combo_igual","estendido","sa","principal","2018Q4","vespera",6,NA,NA
"combo_igual","estendido","sa","principal","2019Q1","m1",6,NA,NA
"combo_igual","estendido","sa","principal","2019Q1","m2",6,NA,NA
"combo_igual","estendido","sa","principal","2019Q1","m3",6,NA,NA
"combo_igual","estendido","sa","principal","2019Q1","vespera",6,NA,NA
"combo_igual","estendido","sa","principal","2019Q2","m1",6,NA,NA
"combo_igual","estendido","sa","principal","2019Q2","m2",6,NA,NA
"combo_igual","estendido","sa","principal","2019Q2","m3",6,NA,NA
"combo_igual","estendido","sa","principal","2019Q2","vespera",6,NA,NA
"combo_igual","estendido","sa","principal","2019Q3","m1",6,NA,NA
"combo_igual","estendido","sa","principal","2019Q3","m2",6,NA,NA
"combo_igual","estendido","sa","principal","2019Q3","m3",6,NA,NA
"combo_igual","estendido","sa","principal","2019Q3","vespera",6,NA,NA
"combo_igual","estendido","sa","principal","2019Q4","m1",6,NA,NA
"combo_igual","estendido","sa","principal","2019Q4","m2",6,NA,NA
"combo_igual","estendido","sa","principal","2019Q4","m3",6,NA,NA
"combo_igual","estendido","sa","principal","2019Q4","vespera",6,NA,NA
"combo_igual","estendido","sa","principal","2020Q1","m1",6,NA,NA
"combo_igual","estendido","sa","principal","2020Q1","m2",6,NA,NA
"combo_igual","estendido","sa","principal","2020Q1","m3",6,NA,NA
"combo_igual","estendido","sa","principal","2020Q1","vespera",6,NA,NA
"combo_igual","estendido","sa","principal","2020Q2","m1",6,NA,NA
"combo_igual","estendido","sa","principal","2020Q2","m2",6,NA,NA
"combo_igual","estendido","sa","principal","2020Q2","m3",6,NA,NA
"combo_igual","estendido","sa","principal","2020Q2","vespera",6,NA,NA
"combo_igual","estendido","sa","principal","2020Q3","m1",6,NA,NA
"combo_igual","estendido","sa","principal","2020Q3","m2",6,NA,NA
"combo_igual","estendido","sa","principal","2020Q3","m3",6,NA,NA
"combo_igual","estendido","sa","principal","2020Q3","vespera",6,NA,NA
"combo_igual","estendido","sa","principal","2020Q4","m1",6,NA,NA
"combo_igual","estendido","sa","principal","2020Q4","m2",6,NA,NA
"combo_igual","estendido","sa","principal","2020Q4","m3",6,NA,NA
"combo_igual","estendido","sa","principal","2020Q4","vespera",6,NA,NA
"combo_igual","estendido","sa","principal","2021Q1","m1",6,NA,NA
"combo_igual","estendido","sa","principal","2021Q1","m2",6,NA,NA
"combo_igual","estendido","sa","principal","2021Q1","m3",6,NA,NA
"combo_igual","estendido","sa","principal","2021Q1","vespera",6,NA,NA
"combo_igual","estendido","sa","principal","2021Q2","m1",6,NA,NA
"combo_igual","estendido","sa","principal","2021Q2","m2",6,NA,NA
"combo_igual","estendido","sa","principal","2021Q2","m3",6,NA,NA
"combo_igual","estendido","sa","principal","2021Q2","vespera",6,NA,NA
"combo_igual","estendido","sa","principal","2021Q3","m1",6,NA,NA
"combo_igual","estendido","sa","principal","2021Q3","m2",6,NA,NA
"combo_igual","estendido","sa","principal","2021Q3","m3",6,NA,NA
"combo_igual","estendido","sa","principal","2021Q3","vespera",6,NA,NA
"combo_igual","estendido","sa","principal","2021Q4","m1",6,NA,NA
"combo_igual","estendido","sa","principal","2021Q4","m2",6,NA,NA
"combo_igual","estendido","sa","principal","2021Q4","m3",6,NA,NA
"combo_igual","estendido","sa","principal","2021Q4","vespera",6,NA,NA
"combo_igual","estendido","sa","principal","2022Q1","m1",6,NA,NA
"combo_igual","estendido","sa","principal","2022Q1","m2",6,NA,NA
"combo_igual","estendido","sa","principal","2022Q1","m3",6,NA,NA
"combo_igual","estendido","sa","principal","2022Q1","vespera",6,NA,NA
"combo_igual","estendido","sa","principal","2022Q2","m1",6,NA,NA
"combo_igual","estendido","sa","principal","2022Q2","m2",6,NA,NA
"combo_igual","estendido","sa","principal","2022Q2","m3",6,NA,NA
"combo_igual","estendido","sa","principal","2022Q2","vespera",6,NA,NA
"combo_igual","estendido","sa","principal","2022Q3","m1",6,NA,NA
"combo_igual","estendido","sa","principal","2022Q3","m2",6,NA,NA
"combo_igual","estendido","sa","principal","2022Q3","m3",6,NA,NA
"combo_igual","estendido","sa","principal","2022Q3","vespera",6,NA,NA
"combo_igual","estendido","sa","principal","2022Q4","m1",6,NA,NA
"combo_igual","estendido","sa","principal","2022Q4","m2",6,NA,NA
"combo_igual","estendido","sa","principal","2022Q4","m3",6,NA,NA
"combo_igual","estendido","sa","principal","2022Q4","vespera",6,NA,NA
"combo_igual","estendido","sa","principal","2023Q1","m1",6,NA,NA
"combo_igual","estendido","sa","principal","2023Q1","m2",6,NA,NA
"combo_igual","estendido","sa","principal","2023Q1","m3",6,NA,NA
"combo_igual","estendido","sa","principal","2023Q1","vespera",6,NA,NA
"combo_igual","estendido","sa","principal","2023Q2","m1",6,NA,NA
"combo_igual","estendido","sa","principal","2023Q2","m2",6,NA,NA
"combo_igual","estendido","sa","principal","2023Q2","m3",6,NA,NA
"combo_igual","estendido","sa","principal","2023Q2","vespera",6,NA,NA
"combo_igual","estendido","sa","principal","2023Q3","m1",6,NA,NA
"combo_igual","estendido","sa","principal","2023Q3","m2",6,NA,NA
"combo_igual","estendido","sa","principal","2023Q3","m3",6,NA,NA
"combo_igual","estendido","sa","principal","2023Q3","vespera",6,NA,NA
"combo_igual","estendido","sa","principal","2023Q4","m1",6,NA,NA
"combo_igual","estendido","sa","principal","2023Q4","m2",6,NA,NA
"combo_igual","estendido","sa","principal","2023Q4","m3",6,NA,NA
"combo_igual","estendido","sa","principal","2023Q4","vespera",6,NA,NA
"combo_igual","estendido","sa","principal","2024Q1","m1",6,NA,NA
"combo_igual","estendido","sa","principal","2024Q1","m2",6,NA,NA
"combo_igual","estendido","sa","principal","2024Q1","m3",6,NA,NA
"combo_igual","estendido","sa","principal","2024Q1","vespera",6,NA,NA
"combo_igual","estendido","sa","principal","2024Q2","m1",6,NA,NA
"combo_igual","estendido","sa","principal","2024Q2","m2",6,NA,NA
"combo_igual","estendido","sa","principal","2024Q2","m3",6,NA,NA
"combo_igual","estendido","sa","principal","2024Q2","vespera",6,NA,NA
"combo_igual","estendido","sa","principal","2024Q3","m1",6,NA,NA
"combo_igual","estendido","sa","principal","2024Q3","m2",6,NA,NA
"combo_igual","estendido","sa","principal","2024Q3","m3",6,NA,NA
"combo_igual","estendido","sa","principal","2024Q3","vespera",6,NA,NA
"combo_igual","estendido","sa","principal","2024Q4","m1",6,NA,NA
"combo_igual","estendido","sa","principal","2024Q4","m2",6,NA,NA
"combo_igual","estendido","sa","principal","2024Q4","m3",6,NA,NA
"combo_igual","estendido","sa","principal","2024Q4","vespera",6,NA,NA
"combo_igual","estendido","sa","principal","2025Q1","m1",6,NA,NA
"combo_igual","estendido","sa","principal","2025Q1","m2",6,NA,NA
"combo_igual","estendido","sa","principal","2025Q1","m3",6,NA,NA
"combo_igual","estendido","sa","principal","2025Q1","vespera",6,NA,NA
"combo_igual","estendido","sa","principal","2025Q2","m1",6,NA,NA
"combo_igual","estendido","sa","principal","2025Q2","m2",6,NA,NA
"combo_igual","estendido","sa","principal","2025Q2","m3",6,NA,NA
"combo_igual","estendido","sa","principal","2025Q2","vespera",6,NA,NA
"combo_igual","estendido","sa","principal","2025Q3","m1",6,NA,NA
"combo_igual","estendido","sa","principal","2025Q3","m2",6,NA,NA
"combo_igual","estendido","sa","principal","2025Q3","m3",6,NA,NA
"combo_igual","estendido","sa","principal","2025Q3","vespera",6,NA,NA
"combo_igual","estendido","sa","principal","2025Q4","m1",6,NA,NA
"combo_igual","estendido","sa","principal","2025Q4","m2",6,NA,NA
"combo_igual","estendido","sa","principal","2025Q4","m3",6,NA,NA
"combo_igual","estendido","sa","principal","2025Q4","vespera",6,NA,NA
"combo_igual","estendido","sa","principal","2026Q1","m1",6,NA,NA
"combo_igual","estendido","sa","principal","2026Q1","m2",6,NA,NA
"combo_igual","estendido","sa","principal","2026Q1","m3",6,NA,NA
"combo_igual","estendido","sa","principal","2026Q1","vespera",6,NA,NA
"combo_igual","estendido","sa","principal","2026Q2","m1",6,NA,NA
"combo_igual","estendido","sa","principal","2026Q2","m2",6,NA,NA
"combo_igual","estendido","sa","principal","2026Q2","m3",6,NA,NA
"combo_igual","estendido","sa","principal","2026Q2","vespera",6,NA,NA
"combo_igual","estendido","sa","principal","2026Q3","m1",6,NA,NA
"combo_igual","estendido","sa","principal","2026Q3","m2",6,NA,NA
"combo_igual","estendido","sa","principal","2026Q3","m3",6,NA,NA
"combo_igual","estendido","sa","principal","2026Q3","vespera",6,NA,NA
"combo_peneira","core","sa","principal","2015Q1","m1",6,0,TRUE
"combo_peneira","core","sa","principal","2015Q1","m2",6,0,TRUE
"combo_peneira","core","sa","principal","2015Q1","m3",6,5,FALSE
"combo_peneira","core","sa","principal","2015Q1","vespera",6,6,FALSE
"combo_peneira","core","sa","principal","2015Q2","m1",6,4,FALSE
"combo_peneira","core","sa","principal","2015Q2","m2",6,3,FALSE
"combo_peneira","core","sa","principal","2015Q2","m3",6,2,FALSE
"combo_peneira","core","sa","principal","2015Q2","vespera",6,0,TRUE
"combo_peneira","core","sa","principal","2015Q3","m1",6,3,FALSE
"combo_peneira","core","sa","principal","2015Q3","m2",6,6,FALSE
"combo_peneira","core","sa","principal","2015Q3","m3",6,6,FALSE
"combo_peneira","core","sa","principal","2015Q3","vespera",6,2,FALSE
"combo_peneira","core","sa","principal","2015Q4","m1",6,6,FALSE
"combo_peneira","core","sa","principal","2015Q4","m2",6,6,FALSE
"combo_peneira","core","sa","principal","2015Q4","m3",6,6,FALSE
"combo_peneira","core","sa","principal","2015Q4","vespera",6,5,FALSE
"combo_peneira","core","sa","principal","2016Q1","m1",6,5,FALSE
"combo_peneira","core","sa","principal","2016Q1","m2",6,4,FALSE
"combo_peneira","core","sa","principal","2016Q1","m3",6,5,FALSE
"combo_peneira","core","sa","principal","2016Q1","vespera",6,6,FALSE
"combo_peneira","core","sa","principal","2016Q2","m1",6,6,FALSE
"combo_peneira","core","sa","principal","2016Q2","m2",6,6,FALSE
"combo_peneira","core","sa","principal","2016Q2","m3",6,2,FALSE
"combo_peneira","core","sa","principal","2016Q2","vespera",6,2,FALSE
"combo_peneira","core","sa","principal","2016Q3","m1",6,6,FALSE
"combo_peneira","core","sa","principal","2016Q3","m2",6,5,FALSE
"combo_peneira","core","sa","principal","2016Q3","m3",6,6,FALSE
"combo_peneira","core","sa","principal","2016Q3","vespera",6,6,FALSE
"combo_peneira","core","sa","principal","2016Q4","m1",6,6,FALSE
"combo_peneira","core","sa","principal","2016Q4","m2",6,6,FALSE
"combo_peneira","core","sa","principal","2016Q4","m3",6,6,FALSE
"combo_peneira","core","sa","principal","2016Q4","vespera",6,6,FALSE
"combo_peneira","core","sa","principal","2017Q1","m1",6,6,FALSE
"combo_peneira","core","sa","principal","2017Q1","m2",6,6,FALSE
"combo_peneira","core","sa","principal","2017Q1","m3",6,5,FALSE
"combo_peneira","core","sa","principal","2017Q1","vespera",6,6,FALSE
"combo_peneira","core","sa","principal","2017Q2","m1",6,0,TRUE
"combo_peneira","core","sa","principal","2017Q2","m2",6,0,TRUE
"combo_peneira","core","sa","principal","2017Q2","m3",6,0,TRUE
"combo_peneira","core","sa","principal","2017Q2","vespera",6,0,TRUE
"combo_peneira","core","sa","principal","2017Q3","m1",6,1,FALSE
"combo_peneira","core","sa","principal","2017Q3","m2",6,2,FALSE
"combo_peneira","core","sa","principal","2017Q3","m3",7,2,FALSE
"combo_peneira","core","sa","principal","2017Q3","vespera",7,2,FALSE
"combo_peneira","core","sa","principal","2017Q4","m1",7,7,FALSE
"combo_peneira","core","sa","principal","2017Q4","m2",7,7,FALSE
"combo_peneira","core","sa","principal","2017Q4","m3",7,7,FALSE
"combo_peneira","core","sa","principal","2017Q4","vespera",7,6,FALSE
"combo_peneira","core","sa","principal","2018Q1","m1",7,7,FALSE
"combo_peneira","core","sa","principal","2018Q1","m2",7,6,FALSE
"combo_peneira","core","sa","principal","2018Q1","m3",7,5,FALSE
"combo_peneira","core","sa","principal","2018Q1","vespera",7,6,FALSE
"combo_peneira","core","sa","principal","2018Q2","m1",7,7,FALSE
"combo_peneira","core","sa","principal","2018Q2","m2",7,7,FALSE
"combo_peneira","core","sa","principal","2018Q2","m3",7,0,TRUE
"combo_peneira","core","sa","principal","2018Q2","vespera",7,2,FALSE
"combo_peneira","core","sa","principal","2018Q3","m1",7,7,FALSE
"combo_peneira","core","sa","principal","2018Q3","m2",7,7,FALSE
"combo_peneira","core","sa","principal","2018Q3","m3",7,7,FALSE
"combo_peneira","core","sa","principal","2018Q3","vespera",7,7,FALSE
"combo_peneira","core","sa","principal","2018Q4","m1",7,6,FALSE
"combo_peneira","core","sa","principal","2018Q4","m2",7,7,FALSE
"combo_peneira","core","sa","principal","2018Q4","m3",7,6,FALSE
"combo_peneira","core","sa","principal","2018Q4","vespera",7,7,FALSE
"combo_peneira","core","sa","principal","2019Q1","m1",7,7,FALSE
"combo_peneira","core","sa","principal","2019Q1","m2",7,7,FALSE
"combo_peneira","core","sa","principal","2019Q1","m3",7,7,FALSE
"combo_peneira","core","sa","principal","2019Q1","vespera",7,7,FALSE
"combo_peneira","core","sa","principal","2019Q2","m1",7,7,FALSE
"combo_peneira","core","sa","principal","2019Q2","m2",7,0,TRUE
"combo_peneira","core","sa","principal","2019Q2","m3",7,2,FALSE
"combo_peneira","core","sa","principal","2019Q2","vespera",7,3,FALSE
"combo_peneira","core","sa","principal","2019Q3","m1",7,2,FALSE
"combo_peneira","core","sa","principal","2019Q3","m2",7,7,FALSE
"combo_peneira","core","sa","principal","2019Q3","m3",7,7,FALSE
"combo_peneira","core","sa","principal","2019Q3","vespera",7,7,FALSE
"combo_peneira","core","sa","principal","2019Q4","m1",7,7,FALSE
"combo_peneira","core","sa","principal","2019Q4","m2",7,7,FALSE
"combo_peneira","core","sa","principal","2019Q4","m3",7,7,FALSE
"combo_peneira","core","sa","principal","2019Q4","vespera",7,7,FALSE
"combo_peneira","core","sa","principal","2020Q1","m1",7,7,FALSE
"combo_peneira","core","sa","principal","2020Q1","m2",7,7,FALSE
"combo_peneira","core","sa","principal","2020Q1","m3",7,4,FALSE
"combo_peneira","core","sa","principal","2020Q1","vespera",7,0,TRUE
"combo_peneira","core","sa","principal","2020Q2","m1",7,0,TRUE
"combo_peneira","core","sa","principal","2020Q2","m2",7,0,TRUE
"combo_peneira","core","sa","principal","2020Q2","m3",7,2,FALSE
"combo_peneira","core","sa","principal","2020Q2","vespera",7,0,TRUE
"combo_peneira","core","sa","principal","2020Q3","m1",7,0,TRUE
"combo_peneira","core","sa","principal","2020Q3","m2",7,0,TRUE
"combo_peneira","core","sa","principal","2020Q3","m3",7,2,FALSE
"combo_peneira","core","sa","principal","2020Q3","vespera",7,2,FALSE
"combo_peneira","core","sa","principal","2020Q4","m1",7,3,FALSE
"combo_peneira","core","sa","principal","2020Q4","m2",7,2,FALSE
"combo_peneira","core","sa","principal","2020Q4","m3",7,4,FALSE
"combo_peneira","core","sa","principal","2020Q4","vespera",7,5,FALSE
"combo_peneira","core","sa","principal","2021Q1","m1",7,4,FALSE
"combo_peneira","core","sa","principal","2021Q1","m2",7,3,FALSE
"combo_peneira","core","sa","principal","2021Q1","m3",7,2,FALSE
"combo_peneira","core","sa","principal","2021Q1","vespera",7,4,FALSE
"combo_peneira","core","sa","principal","2021Q2","m1",7,0,TRUE
"combo_peneira","core","sa","principal","2021Q2","m2",7,5,FALSE
"combo_peneira","core","sa","principal","2021Q2","m3",7,2,FALSE
"combo_peneira","core","sa","principal","2021Q2","vespera",7,0,TRUE
"combo_peneira","core","sa","principal","2021Q3","m1",7,4,FALSE
"combo_peneira","core","sa","principal","2021Q3","m2",7,2,FALSE
"combo_peneira","core","sa","principal","2021Q3","m3",7,7,FALSE
"combo_peneira","core","sa","principal","2021Q3","vespera",7,7,FALSE
"combo_peneira","core","sa","principal","2021Q4","m1",7,5,FALSE
"combo_peneira","core","sa","principal","2021Q4","m2",7,7,FALSE
"combo_peneira","core","sa","principal","2021Q4","m3",7,7,FALSE
"combo_peneira","core","sa","principal","2021Q4","vespera",7,7,FALSE
"combo_peneira","core","sa","principal","2022Q1","m1",7,4,FALSE
"combo_peneira","core","sa","principal","2022Q1","m2",7,7,FALSE
"combo_peneira","core","sa","principal","2022Q1","m3",7,7,FALSE
"combo_peneira","core","sa","principal","2022Q1","vespera",7,6,FALSE
"combo_peneira","core","sa","principal","2022Q2","m1",7,7,FALSE
"combo_peneira","core","sa","principal","2022Q2","m2",7,7,FALSE
"combo_peneira","core","sa","principal","2022Q2","m3",7,7,FALSE
"combo_peneira","core","sa","principal","2022Q2","vespera",7,7,FALSE
"combo_peneira","core","sa","principal","2022Q3","m1",7,7,FALSE
"combo_peneira","core","sa","principal","2022Q3","m2",7,6,FALSE
"combo_peneira","core","sa","principal","2022Q3","m3",7,4,FALSE
"combo_peneira","core","sa","principal","2022Q3","vespera",7,7,FALSE
"combo_peneira","core","sa","principal","2022Q4","m1",7,7,FALSE
"combo_peneira","core","sa","principal","2022Q4","m2",7,6,FALSE
"combo_peneira","core","sa","principal","2022Q4","m3",7,1,FALSE
"combo_peneira","core","sa","principal","2022Q4","vespera",7,2,FALSE
"combo_peneira","core","sa","principal","2023Q1","m1",7,7,FALSE
"combo_peneira","core","sa","principal","2023Q1","m2",7,6,FALSE
"combo_peneira","core","sa","principal","2023Q1","m3",7,2,FALSE
"combo_peneira","core","sa","principal","2023Q1","vespera",7,4,FALSE
"combo_peneira","core","sa","principal","2023Q2","m1",7,7,FALSE
"combo_peneira","core","sa","principal","2023Q2","m2",7,4,FALSE
"combo_peneira","core","sa","principal","2023Q2","m3",7,5,FALSE
"combo_peneira","core","sa","principal","2023Q2","vespera",7,7,FALSE
"combo_peneira","core","sa","principal","2023Q3","m1",7,6,FALSE
"combo_peneira","core","sa","principal","2023Q3","m2",7,5,FALSE
"combo_peneira","core","sa","principal","2023Q3","m3",7,7,FALSE
"combo_peneira","core","sa","principal","2023Q3","vespera",7,6,FALSE
"combo_peneira","core","sa","principal","2023Q4","m1",7,4,FALSE
"combo_peneira","core","sa","principal","2023Q4","m2",7,0,TRUE
"combo_peneira","core","sa","principal","2023Q4","m3",7,3,FALSE
"combo_peneira","core","sa","principal","2023Q4","vespera",7,3,FALSE
"combo_peneira","core","sa","principal","2024Q1","m1",7,7,FALSE
"combo_peneira","core","sa","principal","2024Q1","m2",7,7,FALSE
"combo_peneira","core","sa","principal","2024Q1","m3",7,7,FALSE
"combo_peneira","core","sa","principal","2024Q1","vespera",7,4,FALSE
"combo_peneira","core","sa","principal","2024Q2","m1",7,7,FALSE
"combo_peneira","core","sa","principal","2024Q2","m2",7,7,FALSE
"combo_peneira","core","sa","principal","2024Q2","m3",7,7,FALSE
"combo_peneira","core","sa","principal","2024Q2","vespera",7,7,FALSE
"combo_peneira","core","sa","principal","2024Q3","m1",7,7,FALSE
"combo_peneira","core","sa","principal","2024Q3","m2",7,7,FALSE
"combo_peneira","core","sa","principal","2024Q3","m3",7,6,FALSE
"combo_peneira","core","sa","principal","2024Q3","vespera",7,7,FALSE
"combo_peneira","core","sa","principal","2024Q4","m1",7,6,FALSE
"combo_peneira","core","sa","principal","2024Q4","m2",7,6,FALSE
"combo_peneira","core","sa","principal","2024Q4","m3",7,6,FALSE
"combo_peneira","core","sa","principal","2024Q4","vespera",7,7,FALSE
"combo_peneira","core","sa","principal","2025Q1","m1",7,7,FALSE
"combo_peneira","core","sa","principal","2025Q1","m2",7,7,FALSE
"combo_peneira","core","sa","principal","2025Q1","m3",7,7,FALSE
"combo_peneira","core","sa","principal","2025Q1","vespera",7,7,FALSE
"combo_peneira","core","sa","principal","2025Q2","m1",7,7,FALSE
"combo_peneira","core","sa","principal","2025Q2","m2",7,7,FALSE
"combo_peneira","core","sa","principal","2025Q2","m3",7,7,FALSE
"combo_peneira","core","sa","principal","2025Q2","vespera",7,7,FALSE
"combo_peneira","core","sa","principal","2025Q3","m1",7,7,FALSE
"combo_peneira","core","sa","principal","2025Q3","m2",7,7,FALSE
"combo_peneira","core","sa","principal","2025Q3","m3",7,6,FALSE
"combo_peneira","core","sa","principal","2025Q3","vespera",7,7,FALSE
"combo_peneira","core","sa","principal","2025Q4","m1",7,7,FALSE
"combo_peneira","core","sa","principal","2025Q4","m2",7,7,FALSE
"combo_peneira","core","sa","principal","2025Q4","m3",7,7,FALSE
"combo_peneira","core","sa","principal","2025Q4","vespera",7,7,FALSE
"combo_peneira","core","sa","principal","2026Q1","m1",7,7,FALSE
"combo_peneira","core","sa","principal","2026Q1","m2",7,7,FALSE
"combo_peneira","core","sa","principal","2026Q1","m3",7,7,FALSE
"combo_peneira","core","sa","principal","2026Q1","vespera",7,7,FALSE
"combo_peneira","core","sa","principal","2026Q2","m1",7,7,FALSE
"combo_peneira","core","sa","principal","2026Q2","m2",7,7,FALSE
"combo_peneira","core","sa","principal","2026Q2","m3",7,7,FALSE
"combo_peneira","core","sa","principal","2026Q2","vespera",7,7,FALSE
"combo_peneira","core","sa","principal","2026Q3","m1",7,7,FALSE
"combo_peneira","core","sa","principal","2026Q3","m2",7,7,FALSE
"combo_peneira","core","sa","principal","2026Q3","m3",7,7,FALSE
"combo_peneira","core","sa","principal","2026Q3","vespera",7,7,FALSE
"combo_peneira","estendido","sa","principal","2015Q1","m1",2,0,TRUE
"combo_peneira","estendido","sa","principal","2015Q1","m2",2,0,TRUE
"combo_peneira","estendido","sa","principal","2015Q1","m3",2,1,FALSE
"combo_peneira","estendido","sa","principal","2015Q1","vespera",2,2,FALSE
"combo_peneira","estendido","sa","principal","2015Q2","m1",2,1,FALSE
"combo_peneira","estendido","sa","principal","2015Q2","m2",2,1,FALSE
"combo_peneira","estendido","sa","principal","2015Q2","m3",2,0,TRUE
"combo_peneira","estendido","sa","principal","2015Q2","vespera",2,0,TRUE
"combo_peneira","estendido","sa","principal","2015Q3","m1",2,2,FALSE
"combo_peneira","estendido","sa","principal","2015Q3","m2",2,2,FALSE
"combo_peneira","estendido","sa","principal","2015Q3","m3",2,2,FALSE
"combo_peneira","estendido","sa","principal","2015Q3","vespera",2,1,FALSE
"combo_peneira","estendido","sa","principal","2015Q4","m1",1,1,FALSE
"combo_peneira","estendido","sa","principal","2015Q4","m2",1,1,FALSE
"combo_peneira","estendido","sa","principal","2015Q4","m3",1,1,FALSE
"combo_peneira","estendido","sa","principal","2015Q4","vespera",1,1,FALSE
"combo_peneira","estendido","sa","principal","2016Q1","m1",2,1,FALSE
"combo_peneira","estendido","sa","principal","2016Q1","m2",2,0,TRUE
"combo_peneira","estendido","sa","principal","2016Q1","m3",6,3,FALSE
"combo_peneira","estendido","sa","principal","2016Q1","vespera",6,5,FALSE
"combo_peneira","estendido","sa","principal","2016Q2","m1",1,1,FALSE
"combo_peneira","estendido","sa","principal","2016Q2","m2",1,1,FALSE
"combo_peneira","estendido","sa","principal","2016Q2","m3",5,1,FALSE
"combo_peneira","estendido","sa","principal","2016Q2","vespera",5,3,FALSE
"combo_peneira","estendido","sa","principal","2016Q3","m1",6,5,FALSE
"combo_peneira","estendido","sa","principal","2016Q3","m2",6,6,FALSE
"combo_peneira","estendido","sa","principal","2016Q3","m3",6,6,FALSE
"combo_peneira","estendido","sa","principal","2016Q3","vespera",6,6,FALSE
"combo_peneira","estendido","sa","principal","2016Q4","m1",6,5,FALSE
"combo_peneira","estendido","sa","principal","2016Q4","m2",6,5,FALSE
"combo_peneira","estendido","sa","principal","2016Q4","m3",6,6,FALSE
"combo_peneira","estendido","sa","principal","2016Q4","vespera",6,6,FALSE
"combo_peneira","estendido","sa","principal","2017Q1","m1",6,6,FALSE
"combo_peneira","estendido","sa","principal","2017Q1","m2",6,6,FALSE
"combo_peneira","estendido","sa","principal","2017Q1","m3",6,6,FALSE
"combo_peneira","estendido","sa","principal","2017Q1","vespera",6,6,FALSE
"combo_peneira","estendido","sa","principal","2017Q2","m1",6,0,TRUE
"combo_peneira","estendido","sa","principal","2017Q2","m2",6,0,TRUE
"combo_peneira","estendido","sa","principal","2017Q2","m3",6,0,TRUE
"combo_peneira","estendido","sa","principal","2017Q2","vespera",6,0,TRUE
"combo_peneira","estendido","sa","principal","2017Q3","m1",6,2,FALSE
"combo_peneira","estendido","sa","principal","2017Q3","m2",6,2,FALSE
"combo_peneira","estendido","sa","principal","2017Q3","m3",6,0,TRUE
"combo_peneira","estendido","sa","principal","2017Q3","vespera",6,1,FALSE
"combo_peneira","estendido","sa","principal","2017Q4","m1",6,5,FALSE
"combo_peneira","estendido","sa","principal","2017Q4","m2",6,5,FALSE
"combo_peneira","estendido","sa","principal","2017Q4","m3",6,6,FALSE
"combo_peneira","estendido","sa","principal","2017Q4","vespera",6,6,FALSE
"combo_peneira","estendido","sa","principal","2018Q1","m1",6,5,FALSE
"combo_peneira","estendido","sa","principal","2018Q1","m2",6,4,FALSE
"combo_peneira","estendido","sa","principal","2018Q1","m3",6,2,FALSE
"combo_peneira","estendido","sa","principal","2018Q1","vespera",6,6,FALSE
"combo_peneira","estendido","sa","principal","2018Q2","m1",6,6,FALSE
"combo_peneira","estendido","sa","principal","2018Q2","m2",6,6,FALSE
"combo_peneira","estendido","sa","principal","2018Q2","m3",6,2,FALSE
"combo_peneira","estendido","sa","principal","2018Q2","vespera",6,3,FALSE
"combo_peneira","estendido","sa","principal","2018Q3","m1",6,4,FALSE
"combo_peneira","estendido","sa","principal","2018Q3","m2",6,6,FALSE
"combo_peneira","estendido","sa","principal","2018Q3","m3",6,6,FALSE
"combo_peneira","estendido","sa","principal","2018Q3","vespera",6,4,FALSE
"combo_peneira","estendido","sa","principal","2018Q4","m1",6,6,FALSE
"combo_peneira","estendido","sa","principal","2018Q4","m2",6,5,FALSE
"combo_peneira","estendido","sa","principal","2018Q4","m3",6,5,FALSE
"combo_peneira","estendido","sa","principal","2018Q4","vespera",6,6,FALSE
"combo_peneira","estendido","sa","principal","2019Q1","m1",6,6,FALSE
"combo_peneira","estendido","sa","principal","2019Q1","m2",6,6,FALSE
"combo_peneira","estendido","sa","principal","2019Q1","m3",6,6,FALSE
"combo_peneira","estendido","sa","principal","2019Q1","vespera",6,6,FALSE
"combo_peneira","estendido","sa","principal","2019Q2","m1",6,6,FALSE
"combo_peneira","estendido","sa","principal","2019Q2","m2",6,0,TRUE
"combo_peneira","estendido","sa","principal","2019Q2","m3",6,0,TRUE
"combo_peneira","estendido","sa","principal","2019Q2","vespera",6,1,FALSE
"combo_peneira","estendido","sa","principal","2019Q3","m1",6,0,TRUE
"combo_peneira","estendido","sa","principal","2019Q3","m2",6,6,FALSE
"combo_peneira","estendido","sa","principal","2019Q3","m3",6,6,FALSE
"combo_peneira","estendido","sa","principal","2019Q3","vespera",6,6,FALSE
"combo_peneira","estendido","sa","principal","2019Q4","m1",6,6,FALSE
"combo_peneira","estendido","sa","principal","2019Q4","m2",6,6,FALSE
"combo_peneira","estendido","sa","principal","2019Q4","m3",6,6,FALSE
"combo_peneira","estendido","sa","principal","2019Q4","vespera",6,6,FALSE
"combo_peneira","estendido","sa","principal","2020Q1","m1",6,6,FALSE
"combo_peneira","estendido","sa","principal","2020Q1","m2",6,6,FALSE
"combo_peneira","estendido","sa","principal","2020Q1","m3",6,5,FALSE
"combo_peneira","estendido","sa","principal","2020Q1","vespera",6,0,TRUE
"combo_peneira","estendido","sa","principal","2020Q2","m1",6,1,FALSE
"combo_peneira","estendido","sa","principal","2020Q2","m2",6,0,TRUE
"combo_peneira","estendido","sa","principal","2020Q2","m3",6,0,TRUE
"combo_peneira","estendido","sa","principal","2020Q2","vespera",6,1,FALSE
"combo_peneira","estendido","sa","principal","2020Q3","m1",6,0,TRUE
"combo_peneira","estendido","sa","principal","2020Q3","m2",6,1,FALSE
"combo_peneira","estendido","sa","principal","2020Q3","m3",6,0,TRUE
"combo_peneira","estendido","sa","principal","2020Q3","vespera",6,1,FALSE
"combo_peneira","estendido","sa","principal","2020Q4","m1",6,1,FALSE
"combo_peneira","estendido","sa","principal","2020Q4","m2",6,1,FALSE
"combo_peneira","estendido","sa","principal","2020Q4","m3",6,1,FALSE
"combo_peneira","estendido","sa","principal","2020Q4","vespera",6,4,FALSE
"combo_peneira","estendido","sa","principal","2021Q1","m1",6,4,FALSE
"combo_peneira","estendido","sa","principal","2021Q1","m2",6,3,FALSE
"combo_peneira","estendido","sa","principal","2021Q1","m3",6,3,FALSE
"combo_peneira","estendido","sa","principal","2021Q1","vespera",6,3,FALSE
"combo_peneira","estendido","sa","principal","2021Q2","m1",6,4,FALSE
"combo_peneira","estendido","sa","principal","2021Q2","m2",6,4,FALSE
"combo_peneira","estendido","sa","principal","2021Q2","m3",6,2,FALSE
"combo_peneira","estendido","sa","principal","2021Q2","vespera",6,2,FALSE
"combo_peneira","estendido","sa","principal","2021Q3","m1",6,5,FALSE
"combo_peneira","estendido","sa","principal","2021Q3","m2",6,4,FALSE
"combo_peneira","estendido","sa","principal","2021Q3","m3",6,4,FALSE
"combo_peneira","estendido","sa","principal","2021Q3","vespera",6,5,FALSE
"combo_peneira","estendido","sa","principal","2021Q4","m1",6,5,FALSE
"combo_peneira","estendido","sa","principal","2021Q4","m2",6,4,FALSE
"combo_peneira","estendido","sa","principal","2021Q4","m3",6,6,FALSE
"combo_peneira","estendido","sa","principal","2021Q4","vespera",6,6,FALSE
"combo_peneira","estendido","sa","principal","2022Q1","m1",6,4,FALSE
"combo_peneira","estendido","sa","principal","2022Q1","m2",6,6,FALSE
"combo_peneira","estendido","sa","principal","2022Q1","m3",6,5,FALSE
"combo_peneira","estendido","sa","principal","2022Q1","vespera",6,5,FALSE
"combo_peneira","estendido","sa","principal","2022Q2","m1",6,6,FALSE
"combo_peneira","estendido","sa","principal","2022Q2","m2",6,6,FALSE
"combo_peneira","estendido","sa","principal","2022Q2","m3",6,6,FALSE
"combo_peneira","estendido","sa","principal","2022Q2","vespera",6,6,FALSE
"combo_peneira","estendido","sa","principal","2022Q3","m1",6,6,FALSE
"combo_peneira","estendido","sa","principal","2022Q3","m2",6,6,FALSE
"combo_peneira","estendido","sa","principal","2022Q3","m3",6,5,FALSE
"combo_peneira","estendido","sa","principal","2022Q3","vespera",6,6,FALSE
"combo_peneira","estendido","sa","principal","2022Q4","m1",6,6,FALSE
"combo_peneira","estendido","sa","principal","2022Q4","m2",6,5,FALSE
"combo_peneira","estendido","sa","principal","2022Q4","m3",6,0,TRUE
"combo_peneira","estendido","sa","principal","2022Q4","vespera",6,1,FALSE
"combo_peneira","estendido","sa","principal","2023Q1","m1",6,6,FALSE
"combo_peneira","estendido","sa","principal","2023Q1","m2",6,4,FALSE
"combo_peneira","estendido","sa","principal","2023Q1","m3",6,5,FALSE
"combo_peneira","estendido","sa","principal","2023Q1","vespera",6,6,FALSE
"combo_peneira","estendido","sa","principal","2023Q2","m1",6,5,FALSE
"combo_peneira","estendido","sa","principal","2023Q2","m2",6,6,FALSE
"combo_peneira","estendido","sa","principal","2023Q2","m3",6,5,FALSE
"combo_peneira","estendido","sa","principal","2023Q2","vespera",6,5,FALSE
"combo_peneira","estendido","sa","principal","2023Q3","m1",6,6,FALSE
"combo_peneira","estendido","sa","principal","2023Q3","m2",6,5,FALSE
"combo_peneira","estendido","sa","principal","2023Q3","m3",6,6,FALSE
"combo_peneira","estendido","sa","principal","2023Q3","vespera",6,5,FALSE
"combo_peneira","estendido","sa","principal","2023Q4","m1",6,4,FALSE
"combo_peneira","estendido","sa","principal","2023Q4","m2",6,0,TRUE
"combo_peneira","estendido","sa","principal","2023Q4","m3",6,0,TRUE
"combo_peneira","estendido","sa","principal","2023Q4","vespera",6,0,TRUE
"combo_peneira","estendido","sa","principal","2024Q1","m1",6,6,FALSE
"combo_peneira","estendido","sa","principal","2024Q1","m2",6,6,FALSE
"combo_peneira","estendido","sa","principal","2024Q1","m3",6,3,FALSE
"combo_peneira","estendido","sa","principal","2024Q1","vespera",6,1,FALSE
"combo_peneira","estendido","sa","principal","2024Q2","m1",6,6,FALSE
"combo_peneira","estendido","sa","principal","2024Q2","m2",6,6,FALSE
"combo_peneira","estendido","sa","principal","2024Q2","m3",6,6,FALSE
"combo_peneira","estendido","sa","principal","2024Q2","vespera",6,5,FALSE
"combo_peneira","estendido","sa","principal","2024Q3","m1",6,6,FALSE
"combo_peneira","estendido","sa","principal","2024Q3","m2",6,6,FALSE
"combo_peneira","estendido","sa","principal","2024Q3","m3",6,4,FALSE
"combo_peneira","estendido","sa","principal","2024Q3","vespera",6,5,FALSE
"combo_peneira","estendido","sa","principal","2024Q4","m1",6,6,FALSE
"combo_peneira","estendido","sa","principal","2024Q4","m2",6,4,FALSE
"combo_peneira","estendido","sa","principal","2024Q4","m3",6,6,FALSE
"combo_peneira","estendido","sa","principal","2024Q4","vespera",6,6,FALSE
"combo_peneira","estendido","sa","principal","2025Q1","m1",6,6,FALSE
"combo_peneira","estendido","sa","principal","2025Q1","m2",6,6,FALSE
"combo_peneira","estendido","sa","principal","2025Q1","m3",6,6,FALSE
"combo_peneira","estendido","sa","principal","2025Q1","vespera",6,6,FALSE
"combo_peneira","estendido","sa","principal","2025Q2","m1",6,6,FALSE
"combo_peneira","estendido","sa","principal","2025Q2","m2",6,6,FALSE
"combo_peneira","estendido","sa","principal","2025Q2","m3",6,6,FALSE
"combo_peneira","estendido","sa","principal","2025Q2","vespera",6,6,FALSE
"combo_peneira","estendido","sa","principal","2025Q3","m1",6,6,FALSE
"combo_peneira","estendido","sa","principal","2025Q3","m2",6,6,FALSE
"combo_peneira","estendido","sa","principal","2025Q3","m3",6,6,FALSE
"combo_peneira","estendido","sa","principal","2025Q3","vespera",6,6,FALSE
"combo_peneira","estendido","sa","principal","2025Q4","m1",6,6,FALSE
"combo_peneira","estendido","sa","principal","2025Q4","m2",6,6,FALSE
"combo_peneira","estendido","sa","principal","2025Q4","m3",6,6,FALSE
"combo_peneira","estendido","sa","principal","2025Q4","vespera",6,6,FALSE
"combo_peneira","estendido","sa","principal","2026Q1","m1",6,6,FALSE
"combo_peneira","estendido","sa","principal","2026Q1","m2",6,6,FALSE
"combo_peneira","estendido","sa","principal","2026Q1","m3",6,5,FALSE
"combo_peneira","estendido","sa","principal","2026Q1","vespera",6,6,FALSE
"combo_peneira","estendido","sa","principal","2026Q2","m1",6,6,FALSE
"combo_peneira","estendido","sa","principal","2026Q2","m2",6,6,FALSE
"combo_peneira","estendido","sa","principal","2026Q2","m3",6,6,FALSE
"combo_peneira","estendido","sa","principal","2026Q2","vespera",6,6,FALSE
"combo_peneira","estendido","sa","principal","2026Q3","m1",6,6,FALSE
"combo_peneira","estendido","sa","principal","2026Q3","m2",6,6,FALSE
"combo_peneira","estendido","sa","principal","2026Q3","m3",6,6,FALSE
"combo_peneira","estendido","sa","principal","2026Q3","vespera",6,6,FALSE
"combo_rmse","core","sa","aa","2017Q1","m3",6,NA,NA
"combo_rmse","core","sa","aa","2017Q1","vespera",6,NA,NA
"combo_rmse","core","sa","aa","2017Q2","m1",6,NA,NA
"combo_rmse","core","sa","aa","2017Q2","m2",6,NA,NA
"combo_rmse","core","sa","aa","2017Q2","m3",6,NA,NA
"combo_rmse","core","sa","aa","2017Q2","vespera",6,NA,NA
"combo_rmse","core","sa","aa","2017Q3","m1",6,NA,NA
"combo_rmse","core","sa","aa","2017Q3","m2",6,NA,NA
"combo_rmse","core","sa","aa","2017Q3","m3",6,NA,NA
"combo_rmse","core","sa","aa","2017Q3","vespera",6,NA,NA
"combo_rmse","core","sa","aa","2017Q4","m1",6,NA,NA
"combo_rmse","core","sa","aa","2017Q4","m2",6,NA,NA
"combo_rmse","core","sa","aa","2017Q4","m3",6,NA,NA
"combo_rmse","core","sa","aa","2017Q4","vespera",6,NA,NA
"combo_rmse","core","sa","aa","2018Q1","m1",6,NA,NA
"combo_rmse","core","sa","aa","2018Q1","m2",6,NA,NA
"combo_rmse","core","sa","aa","2018Q1","m3",6,NA,NA
"combo_rmse","core","sa","aa","2018Q1","vespera",6,NA,NA
"combo_rmse","core","sa","aa","2018Q2","m1",6,NA,NA
"combo_rmse","core","sa","aa","2018Q2","m2",6,NA,NA
"combo_rmse","core","sa","aa","2018Q2","m3",6,NA,NA
"combo_rmse","core","sa","aa","2018Q2","vespera",6,NA,NA
"combo_rmse","core","sa","aa","2018Q3","m1",6,NA,NA
"combo_rmse","core","sa","aa","2018Q3","m2",6,NA,NA
"combo_rmse","core","sa","aa","2018Q3","m3",6,NA,NA
"combo_rmse","core","sa","aa","2018Q3","vespera",6,NA,NA
"combo_rmse","core","sa","aa","2018Q4","m1",6,NA,NA
"combo_rmse","core","sa","aa","2018Q4","m2",6,NA,NA
"combo_rmse","core","sa","aa","2018Q4","m3",6,NA,NA
"combo_rmse","core","sa","aa","2018Q4","vespera",6,NA,NA
"combo_rmse","core","sa","aa","2019Q1","m1",6,NA,NA
"combo_rmse","core","sa","aa","2019Q1","m2",6,NA,NA
"combo_rmse","core","sa","aa","2019Q1","m3",6,NA,NA
"combo_rmse","core","sa","aa","2019Q1","vespera",6,NA,NA
"combo_rmse","core","sa","aa","2019Q2","m1",6,NA,NA
"combo_rmse","core","sa","aa","2019Q2","m2",6,NA,NA
"combo_rmse","core","sa","aa","2019Q2","m3",6,NA,NA
"combo_rmse","core","sa","aa","2019Q2","vespera",6,NA,NA
"combo_rmse","core","sa","aa","2019Q3","m1",6,NA,NA
"combo_rmse","core","sa","aa","2019Q3","m2",6,NA,NA
"combo_rmse","core","sa","aa","2019Q3","m3",7,NA,NA
"combo_rmse","core","sa","aa","2019Q3","vespera",7,NA,NA
"combo_rmse","core","sa","aa","2019Q4","m1",6,NA,NA
"combo_rmse","core","sa","aa","2019Q4","m2",6,NA,NA
"combo_rmse","core","sa","aa","2019Q4","m3",7,NA,NA
"combo_rmse","core","sa","aa","2019Q4","vespera",7,NA,NA
"combo_rmse","core","sa","aa","2020Q1","m1",7,NA,NA
"combo_rmse","core","sa","aa","2020Q1","m2",7,NA,NA
"combo_rmse","core","sa","aa","2020Q1","m3",7,NA,NA
"combo_rmse","core","sa","aa","2020Q1","vespera",7,NA,NA
"combo_rmse","core","sa","aa","2020Q2","m1",7,NA,NA
"combo_rmse","core","sa","aa","2020Q2","m2",7,NA,NA
"combo_rmse","core","sa","aa","2020Q2","m3",7,NA,NA
"combo_rmse","core","sa","aa","2020Q2","vespera",7,NA,NA
"combo_rmse","core","sa","aa","2020Q3","m1",7,NA,NA
"combo_rmse","core","sa","aa","2020Q3","m2",7,NA,NA
"combo_rmse","core","sa","aa","2020Q3","m3",7,NA,NA
"combo_rmse","core","sa","aa","2020Q3","vespera",7,NA,NA
"combo_rmse","core","sa","aa","2020Q4","m1",7,NA,NA
"combo_rmse","core","sa","aa","2020Q4","m2",7,NA,NA
"combo_rmse","core","sa","aa","2020Q4","m3",7,NA,NA
"combo_rmse","core","sa","aa","2020Q4","vespera",7,NA,NA
"combo_rmse","core","sa","aa","2021Q1","m1",7,NA,NA
"combo_rmse","core","sa","aa","2021Q1","m2",7,NA,NA
"combo_rmse","core","sa","aa","2021Q1","m3",7,NA,NA
"combo_rmse","core","sa","aa","2021Q1","vespera",7,NA,NA
"combo_rmse","core","sa","aa","2021Q2","m1",7,NA,NA
"combo_rmse","core","sa","aa","2021Q2","m2",7,NA,NA
"combo_rmse","core","sa","aa","2021Q2","m3",7,NA,NA
"combo_rmse","core","sa","aa","2021Q2","vespera",7,NA,NA
"combo_rmse","core","sa","aa","2021Q3","m1",7,NA,NA
"combo_rmse","core","sa","aa","2021Q3","m2",7,NA,NA
"combo_rmse","core","sa","aa","2021Q3","m3",7,NA,NA
"combo_rmse","core","sa","aa","2021Q3","vespera",7,NA,NA
"combo_rmse","core","sa","aa","2021Q4","m1",7,NA,NA
"combo_rmse","core","sa","aa","2021Q4","m2",7,NA,NA
"combo_rmse","core","sa","aa","2021Q4","m3",7,NA,NA
"combo_rmse","core","sa","aa","2021Q4","vespera",7,NA,NA
"combo_rmse","core","sa","aa","2022Q1","m1",7,NA,NA
"combo_rmse","core","sa","aa","2022Q1","m2",7,NA,NA
"combo_rmse","core","sa","aa","2022Q1","m3",7,NA,NA
"combo_rmse","core","sa","aa","2022Q1","vespera",7,NA,NA
"combo_rmse","core","sa","aa","2022Q2","m1",7,NA,NA
"combo_rmse","core","sa","aa","2022Q2","m2",7,NA,NA
"combo_rmse","core","sa","aa","2022Q2","m3",7,NA,NA
"combo_rmse","core","sa","aa","2022Q2","vespera",7,NA,NA
"combo_rmse","core","sa","aa","2022Q3","m1",7,NA,NA
"combo_rmse","core","sa","aa","2022Q3","m2",7,NA,NA
"combo_rmse","core","sa","aa","2022Q3","m3",7,NA,NA
"combo_rmse","core","sa","aa","2022Q3","vespera",7,NA,NA
"combo_rmse","core","sa","aa","2022Q4","m1",7,NA,NA
"combo_rmse","core","sa","aa","2022Q4","m2",7,NA,NA
"combo_rmse","core","sa","aa","2022Q4","m3",7,NA,NA
"combo_rmse","core","sa","aa","2022Q4","vespera",7,NA,NA
"combo_rmse","core","sa","aa","2023Q1","m1",7,NA,NA
"combo_rmse","core","sa","aa","2023Q1","m2",7,NA,NA
"combo_rmse","core","sa","aa","2023Q1","m3",7,NA,NA
"combo_rmse","core","sa","aa","2023Q1","vespera",7,NA,NA
"combo_rmse","core","sa","aa","2023Q2","m1",7,NA,NA
"combo_rmse","core","sa","aa","2023Q2","m2",7,NA,NA
"combo_rmse","core","sa","aa","2023Q2","m3",7,NA,NA
"combo_rmse","core","sa","aa","2023Q2","vespera",7,NA,NA
"combo_rmse","core","sa","aa","2023Q3","m1",7,NA,NA
"combo_rmse","core","sa","aa","2023Q3","m2",7,NA,NA
"combo_rmse","core","sa","aa","2023Q3","m3",7,NA,NA
"combo_rmse","core","sa","aa","2023Q3","vespera",7,NA,NA
"combo_rmse","core","sa","aa","2023Q4","m1",7,NA,NA
"combo_rmse","core","sa","aa","2023Q4","m2",7,NA,NA
"combo_rmse","core","sa","aa","2023Q4","m3",7,NA,NA
"combo_rmse","core","sa","aa","2023Q4","vespera",7,NA,NA
"combo_rmse","core","sa","aa","2024Q1","m1",7,NA,NA
"combo_rmse","core","sa","aa","2024Q1","m2",7,NA,NA
"combo_rmse","core","sa","aa","2024Q1","m3",7,NA,NA
"combo_rmse","core","sa","aa","2024Q1","vespera",7,NA,NA
"combo_rmse","core","sa","aa","2024Q2","m1",7,NA,NA
"combo_rmse","core","sa","aa","2024Q2","m2",7,NA,NA
"combo_rmse","core","sa","aa","2024Q2","m3",7,NA,NA
"combo_rmse","core","sa","aa","2024Q2","vespera",7,NA,NA
"combo_rmse","core","sa","aa","2024Q3","m1",7,NA,NA
"combo_rmse","core","sa","aa","2024Q3","m2",7,NA,NA
"combo_rmse","core","sa","aa","2024Q3","m3",7,NA,NA
"combo_rmse","core","sa","aa","2024Q3","vespera",7,NA,NA
"combo_rmse","core","sa","aa","2024Q4","m1",7,NA,NA
"combo_rmse","core","sa","aa","2024Q4","m2",7,NA,NA
"combo_rmse","core","sa","aa","2024Q4","m3",7,NA,NA
"combo_rmse","core","sa","aa","2024Q4","vespera",7,NA,NA
"combo_rmse","core","sa","aa","2025Q1","m1",7,NA,NA
"combo_rmse","core","sa","aa","2025Q1","m2",7,NA,NA
"combo_rmse","core","sa","aa","2025Q1","m3",7,NA,NA
"combo_rmse","core","sa","aa","2025Q1","vespera",7,NA,NA
"combo_rmse","core","sa","aa","2025Q2","m1",7,NA,NA
"combo_rmse","core","sa","aa","2025Q2","m2",7,NA,NA
"combo_rmse","core","sa","aa","2025Q2","m3",7,NA,NA
"combo_rmse","core","sa","aa","2025Q2","vespera",7,NA,NA
"combo_rmse","core","sa","aa","2025Q3","m1",7,NA,NA
"combo_rmse","core","sa","aa","2025Q3","m2",7,NA,NA
"combo_rmse","core","sa","aa","2025Q3","m3",7,NA,NA
"combo_rmse","core","sa","aa","2025Q3","vespera",7,NA,NA
"combo_rmse","core","sa","aa","2025Q4","m1",7,NA,NA
"combo_rmse","core","sa","aa","2025Q4","m2",7,NA,NA
"combo_rmse","core","sa","aa","2025Q4","m3",7,NA,NA
"combo_rmse","core","sa","aa","2025Q4","vespera",7,NA,NA
"combo_rmse","core","sa","aa","2026Q1","m1",7,NA,NA
"combo_rmse","core","sa","aa","2026Q1","m2",7,NA,NA
"combo_rmse","core","sa","aa","2026Q1","m3",7,NA,NA
"combo_rmse","core","sa","aa","2026Q1","vespera",7,NA,NA
"combo_rmse","core","sa","aa","2026Q2","m1",7,NA,NA
"combo_rmse","core","sa","aa","2026Q2","m2",7,NA,NA
"combo_rmse","core","sa","aa","2026Q2","m3",7,NA,NA
"combo_rmse","core","sa","aa","2026Q2","vespera",7,NA,NA
"combo_rmse","core","sa","aa","2026Q3","m1",7,NA,NA
"combo_rmse","core","sa","aa","2026Q3","m2",7,NA,NA
"combo_rmse","core","sa","aa","2026Q3","m3",7,NA,NA
"combo_rmse","core","sa","aa","2026Q3","vespera",7,NA,NA
"combo_rmse","core","sa","qoq_sa","2017Q1","m3",6,NA,NA
"combo_rmse","core","sa","qoq_sa","2017Q1","vespera",6,NA,NA
"combo_rmse","core","sa","qoq_sa","2017Q2","m1",6,NA,NA
"combo_rmse","core","sa","qoq_sa","2017Q2","m2",6,NA,NA
"combo_rmse","core","sa","qoq_sa","2017Q2","m3",6,NA,NA
"combo_rmse","core","sa","qoq_sa","2017Q2","vespera",6,NA,NA
"combo_rmse","core","sa","qoq_sa","2017Q3","m1",6,NA,NA
"combo_rmse","core","sa","qoq_sa","2017Q3","m2",6,NA,NA
"combo_rmse","core","sa","qoq_sa","2017Q3","m3",6,NA,NA
"combo_rmse","core","sa","qoq_sa","2017Q3","vespera",6,NA,NA
"combo_rmse","core","sa","qoq_sa","2017Q4","m1",6,NA,NA
"combo_rmse","core","sa","qoq_sa","2017Q4","m2",6,NA,NA
"combo_rmse","core","sa","qoq_sa","2017Q4","m3",6,NA,NA
"combo_rmse","core","sa","qoq_sa","2017Q4","vespera",6,NA,NA
"combo_rmse","core","sa","qoq_sa","2018Q1","m1",6,NA,NA
"combo_rmse","core","sa","qoq_sa","2018Q1","m2",6,NA,NA
"combo_rmse","core","sa","qoq_sa","2018Q1","m3",6,NA,NA
"combo_rmse","core","sa","qoq_sa","2018Q1","vespera",6,NA,NA
"combo_rmse","core","sa","qoq_sa","2018Q2","m1",6,NA,NA
"combo_rmse","core","sa","qoq_sa","2018Q2","m2",6,NA,NA
"combo_rmse","core","sa","qoq_sa","2018Q2","m3",6,NA,NA
"combo_rmse","core","sa","qoq_sa","2018Q2","vespera",6,NA,NA
"combo_rmse","core","sa","qoq_sa","2018Q3","m1",6,NA,NA
"combo_rmse","core","sa","qoq_sa","2018Q3","m2",6,NA,NA
"combo_rmse","core","sa","qoq_sa","2018Q3","m3",6,NA,NA
"combo_rmse","core","sa","qoq_sa","2018Q3","vespera",6,NA,NA
"combo_rmse","core","sa","qoq_sa","2018Q4","m1",6,NA,NA
"combo_rmse","core","sa","qoq_sa","2018Q4","m2",6,NA,NA
"combo_rmse","core","sa","qoq_sa","2018Q4","m3",6,NA,NA
"combo_rmse","core","sa","qoq_sa","2018Q4","vespera",6,NA,NA
"combo_rmse","core","sa","qoq_sa","2019Q1","m1",6,NA,NA
"combo_rmse","core","sa","qoq_sa","2019Q1","m2",6,NA,NA
"combo_rmse","core","sa","qoq_sa","2019Q1","m3",6,NA,NA
"combo_rmse","core","sa","qoq_sa","2019Q1","vespera",6,NA,NA
"combo_rmse","core","sa","qoq_sa","2019Q2","m1",6,NA,NA
"combo_rmse","core","sa","qoq_sa","2019Q2","m2",6,NA,NA
"combo_rmse","core","sa","qoq_sa","2019Q2","m3",6,NA,NA
"combo_rmse","core","sa","qoq_sa","2019Q2","vespera",6,NA,NA
"combo_rmse","core","sa","qoq_sa","2019Q3","m1",6,NA,NA
"combo_rmse","core","sa","qoq_sa","2019Q3","m2",6,NA,NA
"combo_rmse","core","sa","qoq_sa","2019Q3","m3",7,NA,NA
"combo_rmse","core","sa","qoq_sa","2019Q3","vespera",7,NA,NA
"combo_rmse","core","sa","qoq_sa","2019Q4","m1",6,NA,NA
"combo_rmse","core","sa","qoq_sa","2019Q4","m2",6,NA,NA
"combo_rmse","core","sa","qoq_sa","2019Q4","m3",7,NA,NA
"combo_rmse","core","sa","qoq_sa","2019Q4","vespera",7,NA,NA
"combo_rmse","core","sa","qoq_sa","2020Q1","m1",7,NA,NA
"combo_rmse","core","sa","qoq_sa","2020Q1","m2",7,NA,NA
"combo_rmse","core","sa","qoq_sa","2020Q1","m3",7,NA,NA
"combo_rmse","core","sa","qoq_sa","2020Q1","vespera",7,NA,NA
"combo_rmse","core","sa","qoq_sa","2020Q2","m1",7,NA,NA
"combo_rmse","core","sa","qoq_sa","2020Q2","m2",7,NA,NA
"combo_rmse","core","sa","qoq_sa","2020Q2","m3",7,NA,NA
"combo_rmse","core","sa","qoq_sa","2020Q2","vespera",7,NA,NA
"combo_rmse","core","sa","qoq_sa","2020Q3","m1",7,NA,NA
"combo_rmse","core","sa","qoq_sa","2020Q3","m2",7,NA,NA
"combo_rmse","core","sa","qoq_sa","2020Q3","m3",7,NA,NA
"combo_rmse","core","sa","qoq_sa","2020Q3","vespera",7,NA,NA
"combo_rmse","core","sa","qoq_sa","2020Q4","m1",7,NA,NA
"combo_rmse","core","sa","qoq_sa","2020Q4","m2",7,NA,NA
"combo_rmse","core","sa","qoq_sa","2020Q4","m3",7,NA,NA
"combo_rmse","core","sa","qoq_sa","2020Q4","vespera",7,NA,NA
"combo_rmse","core","sa","qoq_sa","2021Q1","m1",7,NA,NA
"combo_rmse","core","sa","qoq_sa","2021Q1","m2",7,NA,NA
"combo_rmse","core","sa","qoq_sa","2021Q1","m3",7,NA,NA
"combo_rmse","core","sa","qoq_sa","2021Q1","vespera",7,NA,NA
"combo_rmse","core","sa","qoq_sa","2021Q2","m1",7,NA,NA
"combo_rmse","core","sa","qoq_sa","2021Q2","m2",7,NA,NA
"combo_rmse","core","sa","qoq_sa","2021Q2","m3",7,NA,NA
"combo_rmse","core","sa","qoq_sa","2021Q2","vespera",7,NA,NA
"combo_rmse","core","sa","qoq_sa","2021Q3","m1",7,NA,NA
"combo_rmse","core","sa","qoq_sa","2021Q3","m2",7,NA,NA
"combo_rmse","core","sa","qoq_sa","2021Q3","m3",7,NA,NA
"combo_rmse","core","sa","qoq_sa","2021Q3","vespera",7,NA,NA
"combo_rmse","core","sa","qoq_sa","2021Q4","m1",7,NA,NA
"combo_rmse","core","sa","qoq_sa","2021Q4","m2",7,NA,NA
"combo_rmse","core","sa","qoq_sa","2021Q4","m3",7,NA,NA
"combo_rmse","core","sa","qoq_sa","2021Q4","vespera",7,NA,NA
"combo_rmse","core","sa","qoq_sa","2022Q1","m1",7,NA,NA
"combo_rmse","core","sa","qoq_sa","2022Q1","m2",7,NA,NA
"combo_rmse","core","sa","qoq_sa","2022Q1","m3",7,NA,NA
"combo_rmse","core","sa","qoq_sa","2022Q1","vespera",7,NA,NA
"combo_rmse","core","sa","qoq_sa","2022Q2","m1",7,NA,NA
"combo_rmse","core","sa","qoq_sa","2022Q2","m2",7,NA,NA
"combo_rmse","core","sa","qoq_sa","2022Q2","m3",7,NA,NA
"combo_rmse","core","sa","qoq_sa","2022Q2","vespera",7,NA,NA
"combo_rmse","core","sa","qoq_sa","2022Q3","m1",7,NA,NA
"combo_rmse","core","sa","qoq_sa","2022Q3","m2",7,NA,NA
"combo_rmse","core","sa","qoq_sa","2022Q3","m3",7,NA,NA
"combo_rmse","core","sa","qoq_sa","2022Q3","vespera",7,NA,NA
"combo_rmse","core","sa","qoq_sa","2022Q4","m1",7,NA,NA
"combo_rmse","core","sa","qoq_sa","2022Q4","m2",7,NA,NA
"combo_rmse","core","sa","qoq_sa","2022Q4","m3",7,NA,NA
"combo_rmse","core","sa","qoq_sa","2022Q4","vespera",7,NA,NA
"combo_rmse","core","sa","qoq_sa","2023Q1","m1",7,NA,NA
"combo_rmse","core","sa","qoq_sa","2023Q1","m2",7,NA,NA
"combo_rmse","core","sa","qoq_sa","2023Q1","m3",7,NA,NA
"combo_rmse","core","sa","qoq_sa","2023Q1","vespera",7,NA,NA
"combo_rmse","core","sa","qoq_sa","2023Q2","m1",7,NA,NA
"combo_rmse","core","sa","qoq_sa","2023Q2","m2",7,NA,NA
"combo_rmse","core","sa","qoq_sa","2023Q2","m3",7,NA,NA
"combo_rmse","core","sa","qoq_sa","2023Q2","vespera",7,NA,NA
"combo_rmse","core","sa","qoq_sa","2023Q3","m1",7,NA,NA
"combo_rmse","core","sa","qoq_sa","2023Q3","m2",7,NA,NA
"combo_rmse","core","sa","qoq_sa","2023Q3","m3",7,NA,NA
"combo_rmse","core","sa","qoq_sa","2023Q3","vespera",7,NA,NA
"combo_rmse","core","sa","qoq_sa","2023Q4","m1",7,NA,NA
"combo_rmse","core","sa","qoq_sa","2023Q4","m2",7,NA,NA
"combo_rmse","core","sa","qoq_sa","2023Q4","m3",7,NA,NA
"combo_rmse","core","sa","qoq_sa","2023Q4","vespera",7,NA,NA
"combo_rmse","core","sa","qoq_sa","2024Q1","m1",7,NA,NA
"combo_rmse","core","sa","qoq_sa","2024Q1","m2",7,NA,NA
"combo_rmse","core","sa","qoq_sa","2024Q1","m3",7,NA,NA
"combo_rmse","core","sa","qoq_sa","2024Q1","vespera",7,NA,NA
"combo_rmse","core","sa","qoq_sa","2024Q2","m1",7,NA,NA
"combo_rmse","core","sa","qoq_sa","2024Q2","m2",7,NA,NA
"combo_rmse","core","sa","qoq_sa","2024Q2","m3",7,NA,NA
"combo_rmse","core","sa","qoq_sa","2024Q2","vespera",7,NA,NA
"combo_rmse","core","sa","qoq_sa","2024Q3","m1",7,NA,NA
"combo_rmse","core","sa","qoq_sa","2024Q3","m2",7,NA,NA
"combo_rmse","core","sa","qoq_sa","2024Q3","m3",7,NA,NA
"combo_rmse","core","sa","qoq_sa","2024Q3","vespera",7,NA,NA
"combo_rmse","core","sa","qoq_sa","2024Q4","m1",7,NA,NA
"combo_rmse","core","sa","qoq_sa","2024Q4","m2",7,NA,NA
"combo_rmse","core","sa","qoq_sa","2024Q4","m3",7,NA,NA
"combo_rmse","core","sa","qoq_sa","2024Q4","vespera",7,NA,NA
"combo_rmse","core","sa","qoq_sa","2025Q1","m1",7,NA,NA
"combo_rmse","core","sa","qoq_sa","2025Q1","m2",7,NA,NA
"combo_rmse","core","sa","qoq_sa","2025Q1","m3",7,NA,NA
"combo_rmse","core","sa","qoq_sa","2025Q1","vespera",7,NA,NA
"combo_rmse","core","sa","qoq_sa","2025Q2","m1",7,NA,NA
"combo_rmse","core","sa","qoq_sa","2025Q2","m2",7,NA,NA
"combo_rmse","core","sa","qoq_sa","2025Q2","m3",7,NA,NA
"combo_rmse","core","sa","qoq_sa","2025Q2","vespera",7,NA,NA
"combo_rmse","core","sa","qoq_sa","2025Q3","m1",7,NA,NA
"combo_rmse","core","sa","qoq_sa","2025Q3","m2",7,NA,NA
"combo_rmse","core","sa","qoq_sa","2025Q3","m3",7,NA,NA
"combo_rmse","core","sa","qoq_sa","2025Q3","vespera",7,NA,NA
"combo_rmse","core","sa","qoq_sa","2025Q4","m1",7,NA,NA
"combo_rmse","core","sa","qoq_sa","2025Q4","m2",7,NA,NA
"combo_rmse","core","sa","qoq_sa","2025Q4","m3",7,NA,NA
"combo_rmse","core","sa","qoq_sa","2025Q4","vespera",7,NA,NA
"combo_rmse","core","sa","qoq_sa","2026Q1","m1",7,NA,NA
"combo_rmse","core","sa","qoq_sa","2026Q1","m2",7,NA,NA
"combo_rmse","core","sa","qoq_sa","2026Q1","m3",7,NA,NA
"combo_rmse","core","sa","qoq_sa","2026Q1","vespera",7,NA,NA
"combo_rmse","core","sa","qoq_sa","2026Q2","m1",7,NA,NA
"combo_rmse","core","sa","qoq_sa","2026Q2","m2",7,NA,NA
"combo_rmse","core","sa","qoq_sa","2026Q2","m3",7,NA,NA
"combo_rmse","core","sa","qoq_sa","2026Q2","vespera",7,NA,NA
"combo_rmse","core","sa","qoq_sa","2026Q3","m1",7,NA,NA
"combo_rmse","core","sa","qoq_sa","2026Q3","m2",7,NA,NA
"combo_rmse","core","sa","qoq_sa","2026Q3","m3",7,NA,NA
"combo_rmse","core","sa","qoq_sa","2026Q3","vespera",7,NA,NA
"combo_rmse","estendido","sa","aa","2018Q1","m3",6,NA,NA
"combo_rmse","estendido","sa","aa","2018Q1","vespera",6,NA,NA
"combo_rmse","estendido","sa","aa","2018Q2","m3",6,NA,NA
"combo_rmse","estendido","sa","aa","2018Q2","vespera",6,NA,NA
"combo_rmse","estendido","sa","aa","2018Q3","m2",6,NA,NA
"combo_rmse","estendido","sa","aa","2018Q3","m3",6,NA,NA
"combo_rmse","estendido","sa","aa","2018Q3","vespera",6,NA,NA
"combo_rmse","estendido","sa","aa","2018Q4","m1",6,NA,NA
"combo_rmse","estendido","sa","aa","2018Q4","m2",6,NA,NA
"combo_rmse","estendido","sa","aa","2018Q4","m3",6,NA,NA
"combo_rmse","estendido","sa","aa","2018Q4","vespera",6,NA,NA
"combo_rmse","estendido","sa","aa","2019Q1","m1",6,NA,NA
"combo_rmse","estendido","sa","aa","2019Q1","m2",6,NA,NA
"combo_rmse","estendido","sa","aa","2019Q1","m3",6,NA,NA
"combo_rmse","estendido","sa","aa","2019Q1","vespera",6,NA,NA
"combo_rmse","estendido","sa","aa","2019Q2","m1",6,NA,NA
"combo_rmse","estendido","sa","aa","2019Q2","m2",6,NA,NA
"combo_rmse","estendido","sa","aa","2019Q2","m3",6,NA,NA
"combo_rmse","estendido","sa","aa","2019Q2","vespera",6,NA,NA
"combo_rmse","estendido","sa","aa","2019Q3","m1",6,NA,NA
"combo_rmse","estendido","sa","aa","2019Q3","m2",6,NA,NA
"combo_rmse","estendido","sa","aa","2019Q3","m3",6,NA,NA
"combo_rmse","estendido","sa","aa","2019Q3","vespera",6,NA,NA
"combo_rmse","estendido","sa","aa","2019Q4","m1",6,NA,NA
"combo_rmse","estendido","sa","aa","2019Q4","m2",6,NA,NA
"combo_rmse","estendido","sa","aa","2019Q4","m3",6,NA,NA
"combo_rmse","estendido","sa","aa","2019Q4","vespera",6,NA,NA
"combo_rmse","estendido","sa","aa","2020Q1","m1",6,NA,NA
"combo_rmse","estendido","sa","aa","2020Q1","m2",6,NA,NA
"combo_rmse","estendido","sa","aa","2020Q1","m3",6,NA,NA
"combo_rmse","estendido","sa","aa","2020Q1","vespera",6,NA,NA
"combo_rmse","estendido","sa","aa","2020Q2","m1",6,NA,NA
"combo_rmse","estendido","sa","aa","2020Q2","m2",6,NA,NA
"combo_rmse","estendido","sa","aa","2020Q2","m3",6,NA,NA
"combo_rmse","estendido","sa","aa","2020Q2","vespera",6,NA,NA
"combo_rmse","estendido","sa","aa","2020Q3","m1",6,NA,NA
"combo_rmse","estendido","sa","aa","2020Q3","m2",6,NA,NA
"combo_rmse","estendido","sa","aa","2020Q3","m3",6,NA,NA
"combo_rmse","estendido","sa","aa","2020Q3","vespera",6,NA,NA
"combo_rmse","estendido","sa","aa","2020Q4","m1",6,NA,NA
"combo_rmse","estendido","sa","aa","2020Q4","m2",6,NA,NA
"combo_rmse","estendido","sa","aa","2020Q4","m3",6,NA,NA
"combo_rmse","estendido","sa","aa","2020Q4","vespera",6,NA,NA
"combo_rmse","estendido","sa","aa","2021Q1","m1",6,NA,NA
"combo_rmse","estendido","sa","aa","2021Q1","m2",6,NA,NA
"combo_rmse","estendido","sa","aa","2021Q1","m3",6,NA,NA
"combo_rmse","estendido","sa","aa","2021Q1","vespera",6,NA,NA
"combo_rmse","estendido","sa","aa","2021Q2","m1",6,NA,NA
"combo_rmse","estendido","sa","aa","2021Q2","m2",6,NA,NA
"combo_rmse","estendido","sa","aa","2021Q2","m3",6,NA,NA
"combo_rmse","estendido","sa","aa","2021Q2","vespera",6,NA,NA
"combo_rmse","estendido","sa","aa","2021Q3","m1",6,NA,NA
"combo_rmse","estendido","sa","aa","2021Q3","m2",6,NA,NA
"combo_rmse","estendido","sa","aa","2021Q3","m3",6,NA,NA
"combo_rmse","estendido","sa","aa","2021Q3","vespera",6,NA,NA
"combo_rmse","estendido","sa","aa","2021Q4","m1",6,NA,NA
"combo_rmse","estendido","sa","aa","2021Q4","m2",6,NA,NA
"combo_rmse","estendido","sa","aa","2021Q4","m3",6,NA,NA
"combo_rmse","estendido","sa","aa","2021Q4","vespera",6,NA,NA
"combo_rmse","estendido","sa","aa","2022Q1","m1",6,NA,NA
"combo_rmse","estendido","sa","aa","2022Q1","m2",6,NA,NA
"combo_rmse","estendido","sa","aa","2022Q1","m3",6,NA,NA
"combo_rmse","estendido","sa","aa","2022Q1","vespera",6,NA,NA
"combo_rmse","estendido","sa","aa","2022Q2","m1",6,NA,NA
"combo_rmse","estendido","sa","aa","2022Q2","m2",6,NA,NA
"combo_rmse","estendido","sa","aa","2022Q2","m3",6,NA,NA
"combo_rmse","estendido","sa","aa","2022Q2","vespera",6,NA,NA
"combo_rmse","estendido","sa","aa","2022Q3","m1",6,NA,NA
"combo_rmse","estendido","sa","aa","2022Q3","m2",6,NA,NA
"combo_rmse","estendido","sa","aa","2022Q3","m3",6,NA,NA
"combo_rmse","estendido","sa","aa","2022Q3","vespera",6,NA,NA
"combo_rmse","estendido","sa","aa","2022Q4","m1",6,NA,NA
"combo_rmse","estendido","sa","aa","2022Q4","m2",6,NA,NA
"combo_rmse","estendido","sa","aa","2022Q4","m3",6,NA,NA
"combo_rmse","estendido","sa","aa","2022Q4","vespera",6,NA,NA
"combo_rmse","estendido","sa","aa","2023Q1","m1",6,NA,NA
"combo_rmse","estendido","sa","aa","2023Q1","m2",6,NA,NA
"combo_rmse","estendido","sa","aa","2023Q1","m3",6,NA,NA
"combo_rmse","estendido","sa","aa","2023Q1","vespera",6,NA,NA
"combo_rmse","estendido","sa","aa","2023Q2","m1",6,NA,NA
"combo_rmse","estendido","sa","aa","2023Q2","m2",6,NA,NA
"combo_rmse","estendido","sa","aa","2023Q2","m3",6,NA,NA
"combo_rmse","estendido","sa","aa","2023Q2","vespera",6,NA,NA
"combo_rmse","estendido","sa","aa","2023Q3","m1",6,NA,NA
"combo_rmse","estendido","sa","aa","2023Q3","m2",6,NA,NA
"combo_rmse","estendido","sa","aa","2023Q3","m3",6,NA,NA
"combo_rmse","estendido","sa","aa","2023Q3","vespera",6,NA,NA
"combo_rmse","estendido","sa","aa","2023Q4","m1",6,NA,NA
"combo_rmse","estendido","sa","aa","2023Q4","m2",6,NA,NA
"combo_rmse","estendido","sa","aa","2023Q4","m3",6,NA,NA
"combo_rmse","estendido","sa","aa","2023Q4","vespera",6,NA,NA
"combo_rmse","estendido","sa","aa","2024Q1","m1",6,NA,NA
"combo_rmse","estendido","sa","aa","2024Q1","m2",6,NA,NA
"combo_rmse","estendido","sa","aa","2024Q1","m3",6,NA,NA
"combo_rmse","estendido","sa","aa","2024Q1","vespera",6,NA,NA
"combo_rmse","estendido","sa","aa","2024Q2","m1",6,NA,NA
"combo_rmse","estendido","sa","aa","2024Q2","m2",6,NA,NA
"combo_rmse","estendido","sa","aa","2024Q2","m3",6,NA,NA
"combo_rmse","estendido","sa","aa","2024Q2","vespera",6,NA,NA
"combo_rmse","estendido","sa","aa","2024Q3","m1",6,NA,NA
"combo_rmse","estendido","sa","aa","2024Q3","m2",6,NA,NA
"combo_rmse","estendido","sa","aa","2024Q3","m3",6,NA,NA
"combo_rmse","estendido","sa","aa","2024Q3","vespera",6,NA,NA
"combo_rmse","estendido","sa","aa","2024Q4","m1",6,NA,NA
"combo_rmse","estendido","sa","aa","2024Q4","m2",6,NA,NA
"combo_rmse","estendido","sa","aa","2024Q4","m3",6,NA,NA
"combo_rmse","estendido","sa","aa","2024Q4","vespera",6,NA,NA
"combo_rmse","estendido","sa","aa","2025Q1","m1",6,NA,NA
"combo_rmse","estendido","sa","aa","2025Q1","m2",6,NA,NA
"combo_rmse","estendido","sa","aa","2025Q1","m3",6,NA,NA
"combo_rmse","estendido","sa","aa","2025Q1","vespera",6,NA,NA
"combo_rmse","estendido","sa","aa","2025Q2","m1",6,NA,NA
"combo_rmse","estendido","sa","aa","2025Q2","m2",6,NA,NA
"combo_rmse","estendido","sa","aa","2025Q2","m3",6,NA,NA
"combo_rmse","estendido","sa","aa","2025Q2","vespera",6,NA,NA
"combo_rmse","estendido","sa","aa","2025Q3","m1",6,NA,NA
"combo_rmse","estendido","sa","aa","2025Q3","m2",6,NA,NA
"combo_rmse","estendido","sa","aa","2025Q3","m3",6,NA,NA
"combo_rmse","estendido","sa","aa","2025Q3","vespera",6,NA,NA
"combo_rmse","estendido","sa","aa","2025Q4","m1",6,NA,NA
"combo_rmse","estendido","sa","aa","2025Q4","m2",6,NA,NA
"combo_rmse","estendido","sa","aa","2025Q4","m3",6,NA,NA
"combo_rmse","estendido","sa","aa","2025Q4","vespera",6,NA,NA
"combo_rmse","estendido","sa","aa","2026Q1","m1",6,NA,NA
"combo_rmse","estendido","sa","aa","2026Q1","m2",6,NA,NA
"combo_rmse","estendido","sa","aa","2026Q1","m3",6,NA,NA
"combo_rmse","estendido","sa","aa","2026Q1","vespera",6,NA,NA
"combo_rmse","estendido","sa","aa","2026Q2","m1",6,NA,NA
"combo_rmse","estendido","sa","aa","2026Q2","m2",6,NA,NA
"combo_rmse","estendido","sa","aa","2026Q2","m3",6,NA,NA
"combo_rmse","estendido","sa","aa","2026Q2","vespera",6,NA,NA
"combo_rmse","estendido","sa","aa","2026Q3","m1",6,NA,NA
"combo_rmse","estendido","sa","aa","2026Q3","m2",6,NA,NA
"combo_rmse","estendido","sa","aa","2026Q3","m3",6,NA,NA
"combo_rmse","estendido","sa","aa","2026Q3","vespera",6,NA,NA
"combo_rmse","estendido","sa","qoq_sa","2018Q1","m3",6,NA,NA
"combo_rmse","estendido","sa","qoq_sa","2018Q1","vespera",6,NA,NA
"combo_rmse","estendido","sa","qoq_sa","2018Q2","m3",6,NA,NA
"combo_rmse","estendido","sa","qoq_sa","2018Q2","vespera",6,NA,NA
"combo_rmse","estendido","sa","qoq_sa","2018Q3","m2",6,NA,NA
"combo_rmse","estendido","sa","qoq_sa","2018Q3","m3",6,NA,NA
"combo_rmse","estendido","sa","qoq_sa","2018Q3","vespera",6,NA,NA
"combo_rmse","estendido","sa","qoq_sa","2018Q4","m1",6,NA,NA
"combo_rmse","estendido","sa","qoq_sa","2018Q4","m2",6,NA,NA
"combo_rmse","estendido","sa","qoq_sa","2018Q4","m3",6,NA,NA
"combo_rmse","estendido","sa","qoq_sa","2018Q4","vespera",6,NA,NA
"combo_rmse","estendido","sa","qoq_sa","2019Q1","m1",6,NA,NA
"combo_rmse","estendido","sa","qoq_sa","2019Q1","m2",6,NA,NA
"combo_rmse","estendido","sa","qoq_sa","2019Q1","m3",6,NA,NA
"combo_rmse","estendido","sa","qoq_sa","2019Q1","vespera",6,NA,NA
"combo_rmse","estendido","sa","qoq_sa","2019Q2","m1",6,NA,NA
"combo_rmse","estendido","sa","qoq_sa","2019Q2","m2",6,NA,NA
"combo_rmse","estendido","sa","qoq_sa","2019Q2","m3",6,NA,NA
"combo_rmse","estendido","sa","qoq_sa","2019Q2","vespera",6,NA,NA
"combo_rmse","estendido","sa","qoq_sa","2019Q3","m1",6,NA,NA
"combo_rmse","estendido","sa","qoq_sa","2019Q3","m2",6,NA,NA
"combo_rmse","estendido","sa","qoq_sa","2019Q3","m3",6,NA,NA
"combo_rmse","estendido","sa","qoq_sa","2019Q3","vespera",6,NA,NA
"combo_rmse","estendido","sa","qoq_sa","2019Q4","m1",6,NA,NA
"combo_rmse","estendido","sa","qoq_sa","2019Q4","m2",6,NA,NA
"combo_rmse","estendido","sa","qoq_sa","2019Q4","m3",6,NA,NA
"combo_rmse","estendido","sa","qoq_sa","2019Q4","vespera",6,NA,NA
"combo_rmse","estendido","sa","qoq_sa","2020Q1","m1",6,NA,NA
"combo_rmse","estendido","sa","qoq_sa","2020Q1","m2",6,NA,NA
"combo_rmse","estendido","sa","qoq_sa","2020Q1","m3",6,NA,NA
"combo_rmse","estendido","sa","qoq_sa","2020Q1","vespera",6,NA,NA
"combo_rmse","estendido","sa","qoq_sa","2020Q2","m1",6,NA,NA
"combo_rmse","estendido","sa","qoq_sa","2020Q2","m2",6,NA,NA
"combo_rmse","estendido","sa","qoq_sa","2020Q2","m3",6,NA,NA
"combo_rmse","estendido","sa","qoq_sa","2020Q2","vespera",6,NA,NA
"combo_rmse","estendido","sa","qoq_sa","2020Q3","m1",6,NA,NA
"combo_rmse","estendido","sa","qoq_sa","2020Q3","m2",6,NA,NA
"combo_rmse","estendido","sa","qoq_sa","2020Q3","m3",6,NA,NA
"combo_rmse","estendido","sa","qoq_sa","2020Q3","vespera",6,NA,NA
"combo_rmse","estendido","sa","qoq_sa","2020Q4","m1",6,NA,NA
"combo_rmse","estendido","sa","qoq_sa","2020Q4","m2",6,NA,NA
"combo_rmse","estendido","sa","qoq_sa","2020Q4","m3",6,NA,NA
"combo_rmse","estendido","sa","qoq_sa","2020Q4","vespera",6,NA,NA
"combo_rmse","estendido","sa","qoq_sa","2021Q1","m1",6,NA,NA
"combo_rmse","estendido","sa","qoq_sa","2021Q1","m2",6,NA,NA
"combo_rmse","estendido","sa","qoq_sa","2021Q1","m3",6,NA,NA
"combo_rmse","estendido","sa","qoq_sa","2021Q1","vespera",6,NA,NA
"combo_rmse","estendido","sa","qoq_sa","2021Q2","m1",6,NA,NA
"combo_rmse","estendido","sa","qoq_sa","2021Q2","m2",6,NA,NA
"combo_rmse","estendido","sa","qoq_sa","2021Q2","m3",6,NA,NA
"combo_rmse","estendido","sa","qoq_sa","2021Q2","vespera",6,NA,NA
"combo_rmse","estendido","sa","qoq_sa","2021Q3","m1",6,NA,NA
"combo_rmse","estendido","sa","qoq_sa","2021Q3","m2",6,NA,NA
"combo_rmse","estendido","sa","qoq_sa","2021Q3","m3",6,NA,NA
"combo_rmse","estendido","sa","qoq_sa","2021Q3","vespera",6,NA,NA
"combo_rmse","estendido","sa","qoq_sa","2021Q4","m1",6,NA,NA
"combo_rmse","estendido","sa","qoq_sa","2021Q4","m2",6,NA,NA
"combo_rmse","estendido","sa","qoq_sa","2021Q4","m3",6,NA,NA
"combo_rmse","estendido","sa","qoq_sa","2021Q4","vespera",6,NA,NA
"combo_rmse","estendido","sa","qoq_sa","2022Q1","m1",6,NA,NA
"combo_rmse","estendido","sa","qoq_sa","2022Q1","m2",6,NA,NA
"combo_rmse","estendido","sa","qoq_sa","2022Q1","m3",6,NA,NA
"combo_rmse","estendido","sa","qoq_sa","2022Q1","vespera",6,NA,NA
"combo_rmse","estendido","sa","qoq_sa","2022Q2","m1",6,NA,NA
"combo_rmse","estendido","sa","qoq_sa","2022Q2","m2",6,NA,NA
"combo_rmse","estendido","sa","qoq_sa","2022Q2","m3",6,NA,NA
"combo_rmse","estendido","sa","qoq_sa","2022Q2","vespera",6,NA,NA
"combo_rmse","estendido","sa","qoq_sa","2022Q3","m1",6,NA,NA
"combo_rmse","estendido","sa","qoq_sa","2022Q3","m2",6,NA,NA
"combo_rmse","estendido","sa","qoq_sa","2022Q3","m3",6,NA,NA
"combo_rmse","estendido","sa","qoq_sa","2022Q3","vespera",6,NA,NA
"combo_rmse","estendido","sa","qoq_sa","2022Q4","m1",6,NA,NA
"combo_rmse","estendido","sa","qoq_sa","2022Q4","m2",6,NA,NA
"combo_rmse","estendido","sa","qoq_sa","2022Q4","m3",6,NA,NA
"combo_rmse","estendido","sa","qoq_sa","2022Q4","vespera",6,NA,NA
"combo_rmse","estendido","sa","qoq_sa","2023Q1","m1",6,NA,NA
"combo_rmse","estendido","sa","qoq_sa","2023Q1","m2",6,NA,NA
"combo_rmse","estendido","sa","qoq_sa","2023Q1","m3",6,NA,NA
"combo_rmse","estendido","sa","qoq_sa","2023Q1","vespera",6,NA,NA
"combo_rmse","estendido","sa","qoq_sa","2023Q2","m1",6,NA,NA
"combo_rmse","estendido","sa","qoq_sa","2023Q2","m2",6,NA,NA
"combo_rmse","estendido","sa","qoq_sa","2023Q2","m3",6,NA,NA
"combo_rmse","estendido","sa","qoq_sa","2023Q2","vespera",6,NA,NA
"combo_rmse","estendido","sa","qoq_sa","2023Q3","m1",6,NA,NA
"combo_rmse","estendido","sa","qoq_sa","2023Q3","m2",6,NA,NA
"combo_rmse","estendido","sa","qoq_sa","2023Q3","m3",6,NA,NA
"combo_rmse","estendido","sa","qoq_sa","2023Q3","vespera",6,NA,NA
"combo_rmse","estendido","sa","qoq_sa","2023Q4","m1",6,NA,NA
"combo_rmse","estendido","sa","qoq_sa","2023Q4","m2",6,NA,NA
"combo_rmse","estendido","sa","qoq_sa","2023Q4","m3",6,NA,NA
"combo_rmse","estendido","sa","qoq_sa","2023Q4","vespera",6,NA,NA
"combo_rmse","estendido","sa","qoq_sa","2024Q1","m1",6,NA,NA
"combo_rmse","estendido","sa","qoq_sa","2024Q1","m2",6,NA,NA
"combo_rmse","estendido","sa","qoq_sa","2024Q1","m3",6,NA,NA
"combo_rmse","estendido","sa","qoq_sa","2024Q1","vespera",6,NA,NA
"combo_rmse","estendido","sa","qoq_sa","2024Q2","m1",6,NA,NA
"combo_rmse","estendido","sa","qoq_sa","2024Q2","m2",6,NA,NA
"combo_rmse","estendido","sa","qoq_sa","2024Q2","m3",6,NA,NA
"combo_rmse","estendido","sa","qoq_sa","2024Q2","vespera",6,NA,NA
"combo_rmse","estendido","sa","qoq_sa","2024Q3","m1",6,NA,NA
"combo_rmse","estendido","sa","qoq_sa","2024Q3","m2",6,NA,NA
"combo_rmse","estendido","sa","qoq_sa","2024Q3","m3",6,NA,NA
"combo_rmse","estendido","sa","qoq_sa","2024Q3","vespera",6,NA,NA
"combo_rmse","estendido","sa","qoq_sa","2024Q4","m1",6,NA,NA
"combo_rmse","estendido","sa","qoq_sa","2024Q4","m2",6,NA,NA
"combo_rmse","estendido","sa","qoq_sa","2024Q4","m3",6,NA,NA
"combo_rmse","estendido","sa","qoq_sa","2024Q4","vespera",6,NA,NA
"combo_rmse","estendido","sa","qoq_sa","2025Q1","m1",6,NA,NA
"combo_rmse","estendido","sa","qoq_sa","2025Q1","m2",6,NA,NA
"combo_rmse","estendido","sa","qoq_sa","2025Q1","m3",6,NA,NA
"combo_rmse","estendido","sa","qoq_sa","2025Q1","vespera",6,NA,NA
"combo_rmse","estendido","sa","qoq_sa","2025Q2","m1",6,NA,NA
"combo_rmse","estendido","sa","qoq_sa","2025Q2","m2",6,NA,NA
"combo_rmse","estendido","sa","qoq_sa","2025Q2","m3",6,NA,NA
"combo_rmse","estendido","sa","qoq_sa","2025Q2","vespera",6,NA,NA
"combo_rmse","estendido","sa","qoq_sa","2025Q3","m1",6,NA,NA
"combo_rmse","estendido","sa","qoq_sa","2025Q3","m2",6,NA,NA
"combo_rmse","estendido","sa","qoq_sa","2025Q3","m3",6,NA,NA
"combo_rmse","estendido","sa","qoq_sa","2025Q3","vespera",6,NA,NA
"combo_rmse","estendido","sa","qoq_sa","2025Q4","m1",6,NA,NA
"combo_rmse","estendido","sa","qoq_sa","2025Q4","m2",6,NA,NA
"combo_rmse","estendido","sa","qoq_sa","2025Q4","m3",6,NA,NA
"combo_rmse","estendido","sa","qoq_sa","2025Q4","vespera",6,NA,NA
"combo_rmse","estendido","sa","qoq_sa","2026Q1","m1",6,NA,NA
"combo_rmse","estendido","sa","qoq_sa","2026Q1","m2",6,NA,NA
"combo_rmse","estendido","sa","qoq_sa","2026Q1","m3",6,NA,NA
"combo_rmse","estendido","sa","qoq_sa","2026Q1","vespera",6,NA,NA
"combo_rmse","estendido","sa","qoq_sa","2026Q2","m1",6,NA,NA
"combo_rmse","estendido","sa","qoq_sa","2026Q2","m2",6,NA,NA
"combo_rmse","estendido","sa","qoq_sa","2026Q2","m3",6,NA,NA
"combo_rmse","estendido","sa","qoq_sa","2026Q2","vespera",6,NA,NA
"combo_rmse","estendido","sa","qoq_sa","2026Q3","m1",6,NA,NA
"combo_rmse","estendido","sa","qoq_sa","2026Q3","m2",6,NA,NA
"combo_rmse","estendido","sa","qoq_sa","2026Q3","m3",6,NA,NA
"combo_rmse","estendido","sa","qoq_sa","2026Q3","vespera",6,NA,NA
