"serie","n","revisao_media_abs"
"abcr_leves",93,0.290613543667171
"abcr_pesados",93,0.195158497273438
"abpo",93,0.378413412064179
"anac_pax",93,1.07613244306759
"anfavea_exp",93,1.88235407596119
"anfavea_licen",93,0.867494552496358
"anfavea_prod",93,1.38309312420426
"anp_derivados",93,0.189816613679727
"credito_conc",93,0.612883781857133
"credito_pf",93,0.0815931868847027
"credito_pj",93,0.113975091346476
"di_1a",93,0
"emprego_estoque",93,0.0458329666670233
"exp",93,0.421278701958984
"fenabrave",93,0.882305160096102
"ibc_br",93,0.176054134451268
"ibovespa",93,0
"icc",93,0.345299913745292
"ici",93,0.383923792083932
"icom",93,0.451830393115047
"ics",93,0
"icst",93,0
"ie_cons",93,0.501074701962609
"ie_ind",93,0.310658312664751
"iee",93,0
"imp",93,0.530315374850938
"ipca",93,0.077653451764636
"lspa_agg",93,0
"lspa_milho",93,0
"lspa_soja",93,0
"nuci_ind",93,0.102136166690242
"nuci_serv",93,0.0924761407675664
"ons_carga",93,0.186205799463323
"pib",93,0.0381728984900557
"pim",93,0.245336878751995
"pim_cap",93,0.526551570831644
"pim_dur",93,0.809279483404804
"pim_inter",93,0.255486857815168
"pim_ndur",93,0.447298891454638
"pmc_comb",93,0.343286645540906
"pmc_escritorio",93,0.725631298800493
"pmc_farma",93,0.261633303161816
"pmc_livros",93,5.59255262712626
"pmc_matconstr",93,0.80314834026553
"pmc_moveis_eletro",93,0.909999377328536
"pmc_outros",93,0.672715239198499
"pmc_rest",93,0.375248919142556
"pmc_super",93,0.270247810464408
"pmc_tecidos",93,1.45009263395409
"pmc_veiculos",93,0.648103300737606
"pms",93,0.167828851357601
"pms_familias",93,0.52786030926256
"pms_info",93,0.265748288098974
"pms_outros",93,0.3467758153993
"pms_prof",93,0.294264004697503
"pms_transp",93,0.244289473385347
"pnad_ocup",93,0.0731458900216235
"ptax",93,0
"rndbf",93,0.283032835986804
"rtn_receita",93,0.415350466810101
