"trimestre","nivel_nsa","nivel_sa","qoq_sa","aa","qoq_sa_oficial"
"2003Q1",113.5764,117.070448976292,NA,NA,-0.442054127900771
"2003Q2",116.3134,116.187662100889,-0.754064653482089,NA,-0.842406340180291
"2003Q3",120.2491,117.796263004978,1.3844851294901,NA,0.939962260716976
"2003Q4",119.9445,119.203633877711,1.19475001738683,NA,1.03990277117461
"2004Q1",117.981,120.120617017163,0.769257706013149,3.87809439284921,1.38003888856155
"2004Q2",123.6507,123.539676820835,2.84635551212951,6.30821556243735,2.76028412369593
"2004Q3",128.136,125.516838492803,1.60042645638081,6.55880168749703,1.27297701288733
"2004Q4",127.3923,126.598460941543,0.861734936704939,6.20937183447345,0.759929950813976
"2005Q1",122.9177,127.380251709616,0.61753576011796,4.18431781388529,0.885559769741784
"2005Q2",129.1841,128.371902100355,0.778496177727472,4.47502521215004,1.05092636922599
"2005Q3",130.8461,128.152686827675,-0.170765774358161,2.11501841793096,-0.56714386906761
"2005Q4",130.132,129.795888230015,1.28222157725775,2.15060093898924,1.26565963808838
"2006Q1",128.1774,131.573692911788,1.36969260430075,4.27904199313851,1.6216382997597
"2006Q2",132.1337,132.09389736174,0.395371170664638,2.28325312480406,0.304608676906848
"2006Q3",136.7247,134.407524715856,1.75150207566372,4.49275905051814,1.67423290180946
"2006Q4",136.3721,135.992590692653,1.17929854012855,4.79520794270432,1.16890511437853
"2007Q1",134.8359,138.360524907395,1.74122296125203,5.1947535212916,1.87755192125185
"2007Q2",140.7717,140.821484242713,1.77865712562535,6.53731788332577,1.67924257162273
"2007Q3",144.7508,142.273690398497,1.03123906383562,5.87026338328041,1.03767990369628
"2007Q4",145.4268,144.481583456391,1.55186320936069,6.63970122921038,1.51196072697826
"2008Q1",143.1382,146.412499697005,1.33644454498714,6.15733643636449,1.26730583603272
"2008Q2",149.6911,148.948660873647,1.73220263426312,6.33607465136814,2.01351414184787
"2008Q3",154.8556,151.681099310077,1.8344833853511,6.98082497644228,1.64164848533597
"2008Q4",146.9224,145.956162492078,-3.77432445046808,1.02842117133846,-3.77293167335683
"2009Q1",139.6656,143.717711027354,-1.53364642266851,-2.42604699514176,-1.43839681358338
"2009Q2",146.3935,146.530468812773,1.95714067898258,-2.20293658073193,1.84514724952283
"2009Q3",153.0551,149.926706425325,2.31776888456658,-1.16269608590196,2.33891019715418
"2009Q4",154.745,153.790829886883,2.57734165826062,5.32430725335278,2.57811702593926
"2010Q1",152.5276,156.832444652805,1.97776081198027,9.20913954474114,2.05912020119052
"2010Q2",158.8629,159.00436858236,1.38486901378294,8.51772790458594,1.28069105574491
"2010Q3",163.6269,160.364575397035,0.85545248020682,6.90718571285764,0.878252077661679
"2010Q4",163.549,162.650283093698,1.42531958258485,5.68935991469837,1.43042823659725
"2011Q1",160.4516,164.703032622662,1.26206329919603,5.19512534124973,1.33892803361739
"2011Q2",166.3302,166.556016292954,1.1250452652789,4.70046813950897,1.01609391799893
"2011Q3",169.4149,166.138856138325,-0.250462375309979,3.53731568586826,-0.226030170192382
"2011Q4",167.7489,167.576831194681,0.865526036340802,2.56797656971304,0.912189151619547
"2012Q1",163.1908,165.13566241043,-1.45674599934104,1.70718148027191,-1.4284597822112
"2012Q2",167.971,168.292536500749,1.91168524365917,0.986471488641283,1.80800076500953
"2012Q3",173.6256,171.091996214458,1.66344852357521,2.48543664105105,1.72125982379587
"2012Q4",171.9138,171.169324093748,0.0451966667061932,2.48281806914978,0.0278769021456515
"2013Q1",167.6314,172.27664496949,0.646915492366817,2.72110927821914,0.539036943252702
"2013Q2",174.7265,174.221388458739,1.12884917720182,4.02182519601597,1.37837292835821
"2013Q3",178.4159,175.316693489103,0.628685742923807,2.75898254635261,0.475260760004481
"2013Q4",176.2611,175.576824022429,0.148377503675756,2.52876732408915,0.159515565604207
"2014Q1",173.4471,176.882826506005,0.743835350051181,3.46933808343783,0.841135495895129
"2014Q2",173.966,174.550401791704,-1.3186270031827,-0.435251664744607,-1.47342081033908
"2014Q3",177.2761,174.352325750457,-0.11347784892719,-0.638844407925521,-0.0596232840390232
"2014Q4",175.8583,175.262793391016,0.5221998827031,-0.22852461490368,0.523793270595929
"2015Q1",170.6383,173.680916877314,-0.902574062124417,-1.61939865238452,-0.791097344405522
"2015Q2",169.1987,169.891018403042,-2.1821041381012,-2.7403630594484,-2.3570142990015
"2015Q3",169.7191,166.978662711459,-1.71424935759338,-4.26284197362194,-1.64615065600965
"2015Q4",166.1517,165.698367863035,-0.766741586999276,-5.51955750737952,-0.767672581085677
"2016Q1",161.8705,163.472940892166,-1.34305907750915,-5.13823684366288,-1.43501682485552
"2016Q2",163.753,163.566064726622,0.0569659014805435,-3.21852354657572,0.273729332516837
"2016Q3",165.5539,162.882535663762,-0.417891733228648,-2.45417280671415,-0.539063311083576
"2016Q4",162.3948,162.646607264327,-0.144845730988641,-2.26112642843859,-0.110521458662194
"2017Q1",162.327,164.260769430653,0.992435190303564,0.282015561822568,1.03101528543319
"2017Q2",165.0425,165.87940699367,0.985407269567395,0.787466489163569,0.834684013784237
"2017Q3",168.2702,166.060740688347,0.109316580016428,1.64073452815063,0.224758422407056
"2017Q4",166.5784,166.953119362556,0.537380882748062,2.57619086325422,0.541882894055612
"2018Q1",165.4193,168.272252903262,0.790122128740434,1.90498191921245,0.613271012256433
"2018Q2",167.7114,167.660531354591,-0.363530848441584,1.61709862611146,-0.113610461922642
"2018Q3",171.7312,169.391946894094,1.03269119184715,2.05681100991144,0.955556323485407
"2018Q4",169.168,169.010169920184,-0.225380828846999,1.55458330731957,-0.250821514230126
"2019Q1",166.9102,169.407271291243,0.234957086456111,0.90128540019212,0.297482756294865
"2019Q2",169.6779,170.636760210176,0.725759236638224,1.17254998765737,0.576978663410443
"2019Q3",173.6366,170.530924055168,-0.0620242407776916,1.10952465248015,0.0199414542364051
"2019Q4",172.0335,172.011460697022,0.868192470108853,1.69387827485104,0.879418716952918
"2020Q1",167.6012,168.041374699977,-2.30803574422161,0.413995070403139,-2.28962151403687
"2020Q2",152.4765,153.254410905253,-8.79959701658287,-10.1376785073366,-8.88081007103768
"2020Q3",168.3655,165.30557796186,7.86350421199782,-3.03570790950756,7.92428858139351
"2020Q4",171.4591,171.634122555696,3.82839143836764,-0.333888457771303,3.83852450438014
"2021Q1",170.5338,173.092105115601,0.849471269579194,1.74974880848109,0.874986818978107
"2021Q2",171.3783,172.024124128253,-0.617001559161079,12.3965332362692,-0.696331855233201
"2021Q3",175.4587,172.195025416746,0.0993472801324113,4.2129771241733,0.146035494011154
"2021Q4",173.96,174.494047173166,1.33512669768241,1.45859858123598,1.33441272599299
"2022Q1",173.0465,175.652598092467,0.663948677946169,1.4734322462761,0.69108631042778
"2022Q2",177.4517,177.756307211402,1.19765328937951,3.54385590241004,1.14269094982165
"2022Q3",183.0417,179.587116686331,1.02995471927285,4.32181476324627,1.05448856826125
"2022Q4",178.6464,180.314609529879,0.405091889090592,2.69395263278913,0.429221593164963
"2023Q1",180.7372,182.754203353112,1.3529651477457,4.44429676416453,1.32973517854282
"2023Q2",184.2841,184.238202405552,0.812019108295226,3.85028714855931,0.792886890772593
"2023Q3",187.3524,184.389029062345,0.0818650284380329,2.3550371308833,0.136102875750077
"2023Q4",182.8992,185.124044844164,0.398622296324613,2.38056854210329,0.375441312965696
"2024Q1",185.184,186.68021310098,0.840608392132958,2.46036787114108,0.659655475442933
"2024Q2",190.6808,189.214675297772,1.35764908058094,3.47110792520897,1.70757777546449
"2024Q3",195.1024,191.244628165542,1.07283056378973,4.13658965671109,0.898253033437313
"2024Q4",189.447,191.454992276024,0.109997395743799,3.58000472391349,0.0812556242330009
"2025Q1",191.0153,193.746510424156,1.19689652429031,3.14892215310179,1.2556183605646
"2025Q2",195.1805,194.547048371713,0.413188317975077,2.3598075946818,0.359223351065752
"2025Q3",198.6604,194.699690993319,0.0784605178457021,1.82365773050461,0.108789983918012
"2025Q4",192.9391,195.239729704664,0.277370091647211,1.84331237760429,0.248517318663
"2026Q1",194.5282,197.244980901669,1.02707128310324,1.83906734172603,1.07306042509503
"2026Q2",199.0521,198.296245116705,0.532973873520293,1.98359979608618,0.478830249177253
